Class,Survived,Sex,Title,Family_Size,Age,Fare,Cabin,Embarkation_Port,Boat
1st,Yes,Female,Miss,1,29.0,211.3375,Known,Southampton,Yes
1st,Yes,Male,Master,4,0.9167,151.55,Known,Southampton,Yes
1st,No,Female,Miss,4,2.0,151.55,Known,Southampton,No
1st,No,Male,Mr,4,30.0,151.55,Known,Southampton,No
1st,No,Female,Mrs,4,25.0,151.55,Known,Southampton,No
1st,Yes,Male,Mr,1,48.0,26.55,Known,Southampton,Yes
1st,Yes,Female,Miss,2,63.0,77.9583,Known,Southampton,Yes
1st,No,Male,Mr,1,39.0,0.0,Known,Southampton,No
1st,Yes,Female,Mrs,3,53.0,51.4792,Known,Southampton,Yes
1st,No,Male,Mr,1,71.0,49.5042,Unknown,Cherbourg,No
1st,No,Male,Other,2,47.0,227.525,Known,Cherbourg,No
1st,Yes,Female,Mrs,2,18.0,227.525,Known,Cherbourg,Yes
1st,Yes,Female,Miss,1,24.0,69.3,Known,Cherbourg,Yes
1st,Yes,Female,Miss,1,26.0,78.85,Unknown,Southampton,Yes
1st,Yes,Male,Mr,1,80.0,30.0,Known,Southampton,Yes
1st,No,Male,Mr,1,22.23400427941409,25.925,Unknown,Southampton,No
1st,No,Male,Mr,2,24.0,247.5208,Known,Cherbourg,No
1st,Yes,Female,Mrs,2,50.0,247.5208,Known,Cherbourg,Yes
1st,Yes,Female,Miss,1,32.0,76.2917,Known,Cherbourg,Yes
1st,No,Male,Mr,1,36.0,75.2417,Known,Cherbourg,Yes
1st,Yes,Male,Mr,3,37.0,52.5542,Known,Southampton,Yes
1st,Yes,Female,Mrs,3,47.0,52.5542,Known,Southampton,Yes
1st,Yes,Male,Mr,1,26.0,30.0,Known,Cherbourg,Yes
1st,Yes,Female,Miss,1,42.0,227.525,Unknown,Cherbourg,Yes
1st,Yes,Female,Miss,1,29.0,221.7792,Known,Southampton,Yes
1st,No,Male,Mr,1,25.0,26.0,Unknown,Cherbourg,No
1st,Yes,Male,Mr,2,25.0,91.0792,Known,Cherbourg,Yes
1st,Yes,Female,Mrs,2,19.0,91.0792,Known,Cherbourg,Yes
1st,Yes,Female,Miss,1,35.0,135.6333,Known,Southampton,Yes
1st,Yes,Male,Mr,1,28.0,26.55,Known,Southampton,Yes
1st,No,Male,Mr,1,45.0,35.5,Known,Southampton,No
1st,Yes,Male,Mr,1,40.0,31.0,Known,Cherbourg,Yes
1st,Yes,Female,Miss,1,30.0,164.8667,Known,Southampton,Yes
1st,Yes,Female,Miss,1,58.0,26.55,Known,Southampton,Yes
1st,No,Male,Mr,1,42.0,26.55,Known,Southampton,No
1st,Yes,Female,Miss,1,45.0,262.375,Unknown,Cherbourg,Yes
1st,Yes,Female,Miss,2,22.0,55.0,Known,Southampton,Yes
1st,Yes,Male,Mr,1,27.10119643177372,26.55,Unknown,Southampton,Yes
1st,No,Male,Mr,1,41.0,30.5,Known,Southampton,No
1st,No,Male,Mr,1,48.0,50.4958,Known,Cherbourg,No
1st,No,Male,Mr,1,19.37516166094654,39.6,Unknown,Cherbourg,No
1st,Yes,Female,Mrs,1,44.0,27.7208,Known,Cherbourg,Yes
1st,Yes,Female,Mrs,3,59.0,51.4792,Known,Southampton,Yes
1st,Yes,Female,Mrs,1,60.0,76.2917,Known,Cherbourg,Yes
1st,Yes,Female,Miss,1,41.0,134.5,Known,Cherbourg,Yes
1st,No,Male,Mr,1,45.0,26.55,Known,Southampton,No
1st,No,Male,Mr,1,28.75043201485425,31.0,Unknown,Southampton,No
1st,Yes,Male,Mr,1,42.0,26.2875,Known,Southampton,Yes
1st,Yes,Female,Mrs,1,53.0,27.4458,Unknown,Cherbourg,Yes
1st,Yes,Male,Mr,2,36.0,512.3292,Known,Cherbourg,Yes
1st,Yes,Female,Mrs,2,58.0,512.3292,Known,Cherbourg,Yes
1st,No,Male,Mr,1,33.0,5.0,Known,Southampton,No
1st,No,Male,Mr,1,28.0,47.1,Unknown,Southampton,No
1st,No,Male,Mr,1,17.0,47.1,Unknown,Southampton,No
1st,Yes,Male,Master,4,11.0,120.0,Known,Southampton,Yes
1st,Yes,Female,Miss,4,14.0,120.0,Known,Southampton,Yes
1st,Yes,Male,Mr,4,36.0,120.0,Known,Southampton,Yes
1st,Yes,Female,Mrs,4,36.0,120.0,Known,Southampton,Yes
1st,No,Male,Mr,1,49.0,26.0,Unknown,Southampton,No
1st,Yes,Female,Mrs,1,40.772227236891695,27.7208,Unknown,Cherbourg,Yes
1st,No,Male,Mr,2,36.0,78.85,Known,Southampton,No
1st,Yes,Female,Mrs,2,76.0,78.85,Known,Southampton,Yes
1st,No,Male,Mr,2,46.0,61.175,Known,Southampton,No
1st,Yes,Female,Mrs,2,47.0,61.175,Known,Southampton,Yes
1st,Yes,Male,Mr,2,27.0,53.1,Known,Southampton,Yes
1st,Yes,Female,Mrs,2,33.0,53.1,Known,Southampton,Yes
1st,Yes,Female,Miss,1,36.0,262.375,Known,Cherbourg,Yes
1st,Yes,Female,Miss,1,30.0,86.5,Known,Southampton,Yes
1st,Yes,Male,Mr,1,45.0,29.7,Known,Cherbourg,Yes
1st,Yes,Female,Mrs,2,23.428142681403017,55.0,Known,Southampton,Yes
1st,No,Male,Mr,1,18.77335675598995,0.0,Unknown,Southampton,No
1st,No,Male,Mr,2,27.0,136.7792,Known,Cherbourg,No
1st,Yes,Female,Mrs,2,26.0,136.7792,Known,Cherbourg,Yes
1st,Yes,Female,Miss,1,22.0,151.55,Unknown,Southampton,Yes
1st,No,Male,Mr,1,14.41237330331421,52.0,Known,Southampton,No
1st,No,Male,Mr,1,47.0,25.5875,Known,Southampton,No
1st,Yes,Female,Miss,3,39.0,83.1583,Known,Cherbourg,Yes
1st,No,Male,Mr,3,37.0,83.1583,Known,Cherbourg,No
1st,Yes,Female,Mrs,3,64.0,83.1583,Known,Cherbourg,Yes
1st,Yes,Female,Mrs,3,55.0,25.7,Known,Southampton,Yes
1st,No,Male,Mr,1,37.0285986238458,26.55,Unknown,Southampton,No
1st,No,Male,Mr,3,70.0,71.0,Known,Southampton,No
1st,Yes,Female,Miss,3,36.0,71.0,Known,Southampton,Yes
1st,Yes,Female,Mrs,3,64.0,26.55,Known,Southampton,Yes
1st,No,Male,Mr,2,39.0,71.2833,Known,Cherbourg,No
1st,Yes,Female,Mrs,2,38.0,71.2833,Known,Cherbourg,Yes
1st,Yes,Male,Mr,1,51.0,26.55,Known,Southampton,Yes
1st,Yes,Male,Mr,1,27.0,30.5,Unknown,Southampton,Yes
1st,Yes,Female,Miss,1,33.0,151.55,Unknown,Southampton,Yes
1st,No,Male,Mr,2,31.0,52.0,Known,Southampton,No
1st,Yes,Female,Mrs,4,27.0,52.0,Known,Southampton,Yes
1st,Yes,Male,Mr,2,31.0,57.0,Known,Southampton,Yes
1st,Yes,Female,Mrs,2,17.0,57.0,Known,Southampton,Yes
1st,Yes,Male,Mr,3,53.0,81.8583,Known,Southampton,Yes
1st,Yes,Male,Master,3,4.0,81.8583,Known,Southampton,Yes
1st,Yes,Female,Mrs,3,54.0,81.8583,Known,Southampton,Yes
1st,No,Male,Mr,2,50.0,106.425,Known,Cherbourg,No
1st,Yes,Female,Mrs,3,27.0,247.5208,Known,Cherbourg,Yes
1st,Yes,Female,Mrs,2,48.0,106.425,Known,Cherbourg,Yes
1st,Yes,Female,Mrs,2,48.0,39.6,Known,Cherbourg,Yes
1st,Yes,Male,Mr,2,49.0,56.9292,Known,Cherbourg,Yes
1st,No,Male,Mr,1,39.0,29.7,Known,Cherbourg,No
1st,Yes,Female,Mrs,2,23.0,83.1583,Known,Cherbourg,Yes
1st,Yes,Female,Miss,1,38.0,227.525,Known,Cherbourg,Yes
1st,Yes,Female,Miss,2,54.0,78.2667,Known,Cherbourg,Yes
1st,No,Female,Miss,1,36.0,31.6792,Known,Cherbourg,No
1st,No,Male,Mr,1,52.68099264834724,221.7792,Known,Southampton,No
1st,Yes,Female,Mrs,1,30.28643413594621,31.6833,Unknown,Southampton,Yes
1st,Yes,Female,Miss,1,29.8039493525067,110.8833,Unknown,Cherbourg,Yes
1st,Yes,Male,Mr,1,36.0,26.3875,Known,Southampton,Yes
1st,No,Male,Mr,1,30.0,27.75,Known,Cherbourg,No
1st,Yes,Female,Miss,6,24.0,263.0,Known,Southampton,Yes
1st,Yes,Female,Miss,6,28.0,263.0,Known,Southampton,Yes
1st,Yes,Female,Miss,6,23.0,263.0,Known,Southampton,Yes
1st,No,Male,Mr,6,19.0,263.0,Known,Southampton,No
1st,No,Male,Mr,6,64.0,263.0,Known,Southampton,No
1st,Yes,Female,Mrs,6,60.0,263.0,Known,Southampton,Yes
1st,Yes,Female,Miss,1,30.0,56.9292,Known,Cherbourg,Yes
1st,No,Male,Mr,1,6.162465493504307,26.55,Known,Southampton,No
1st,Yes,Male,Mr,3,50.0,133.65,Unknown,Southampton,Yes
1st,Yes,Male,Mr,2,43.0,27.7208,Known,Cherbourg,Yes
1st,Yes,Female,Mrs,2,11.176486193301653,133.65,Unknown,Southampton,Yes
1st,Yes,Female,Miss,3,22.0,49.5,Known,Cherbourg,Yes
1st,Yes,Male,Mr,3,60.0,79.2,Known,Cherbourg,Yes
1st,Yes,Female,Mrs,3,48.0,79.2,Known,Cherbourg,Yes
1st,No,Male,Mr,1,25.321910887067013,0.0,Known,Southampton,No
1st,No,Male,Mr,2,37.0,53.1,Known,Southampton,No
1st,Yes,Female,Mrs,2,35.0,53.1,Known,Southampton,Yes
1st,No,Male,Mr,1,47.0,38.5,Known,Southampton,No
1st,Yes,Female,Miss,1,35.0,211.5,Known,Cherbourg,Yes
1st,Yes,Female,Miss,2,22.0,59.4,Unknown,Cherbourg,Yes
1st,Yes,Female,Mrs,2,45.0,59.4,Unknown,Cherbourg,Yes
1st,No,Male,Mr,1,24.0,79.2,Known,Cherbourg,No
1st,Yes,Male,Mr,2,49.0,89.1042,Known,Cherbourg,Yes
1st,Yes,Female,Mrs,2,21.16440447265721,89.1042,Known,Cherbourg,Yes
1st,No,Male,Mr,1,71.0,34.6542,Known,Cherbourg,No
1st,Yes,Male,Other,1,53.0,28.5,Known,Cherbourg,Yes
1st,Yes,Female,Miss,1,19.0,30.0,Known,Southampton,Yes
1st,No,Male,Mr,2,38.0,153.4625,Known,Southampton,No
1st,Yes,Female,Mrs,2,58.0,153.4625,Known,Southampton,Yes
1st,Yes,Male,Mr,2,23.0,63.3583,Known,Cherbourg,Yes
1st,Yes,Female,Mrs,2,45.0,63.3583,Known,Cherbourg,Yes
1st,No,Male,Mr,1,46.0,79.2,Known,Cherbourg,No
1st,Yes,Male,Mr,2,25.0,55.4417,Known,Cherbourg,Yes
1st,Yes,Female,Mrs,2,25.0,55.4417,Known,Cherbourg,Yes
1st,Yes,Male,Mr,2,48.0,76.7292,Known,Cherbourg,Yes
1st,Yes,Female,Mrs,2,49.0,76.7292,Known,Cherbourg,Yes
1st,No,Male,Mr,1,46.55177354796616,42.4,Unknown,Southampton,No
1st,No,Male,Mr,2,45.0,83.475,Known,Southampton,No
1st,Yes,Female,Mrs,2,35.0,83.475,Known,Southampton,Yes
1st,No,Male,Mr,1,40.0,0.0,Known,Southampton,No
1st,Yes,Male,Mr,1,27.0,76.7292,Known,Cherbourg,Yes
1st,Yes,Male,Mr,1,33.50791865249904,30.0,Known,Southampton,Yes
1st,Yes,Female,Miss,1,24.0,83.1583,Known,Cherbourg,Yes
1st,No,Male,Mr,3,55.0,93.5,Known,Southampton,No
1st,Yes,Female,Mrs,3,52.0,93.5,Known,Southampton,Yes
1st,No,Male,Mr,1,42.0,42.5,Known,Southampton,No
1st,No,Male,Mr,1,22.12477286417215,51.8625,Known,Southampton,No
1st,No,Male,Mr,1,55.0,50.0,Known,Southampton,No
1st,Yes,Female,Miss,2,16.0,57.9792,Known,Cherbourg,Yes
1st,Yes,Female,Mrs,2,44.0,57.9792,Known,Cherbourg,Yes
1st,Yes,Female,Mrs,2,51.0,77.9583,Known,Southampton,Yes
1st,No,Male,Mr,2,42.0,52.0,Unknown,Southampton,No
1st,Yes,Female,Mrs,2,35.0,52.0,Unknown,Southampton,Yes
1st,Yes,Male,Mr,1,35.0,26.55,Unknown,Cherbourg,Yes
1st,Yes,Male,Mr,2,38.0,90.0,Known,Southampton,Yes
1st,No,Male,Mr,1,6.327344622544931,30.6958,Unknown,Cherbourg,Yes
1st,Yes,Female,Mrs,2,35.0,90.0,Known,Southampton,Yes
1st,Yes,Female,Miss,1,38.0,80.0,Known,Southampton,Yes
1st,No,Female,Miss,1,50.0,28.7125,Known,Cherbourg,No
1st,Yes,Male,Mr,1,49.0,0.0,Known,Southampton,Yes
1st,No,Male,Mr,1,46.0,26.0,Unknown,Southampton,No
1st,No,Male,Mr,1,50.0,26.0,Known,Southampton,No
1st,No,Male,Mr,1,32.5,211.5,Known,Cherbourg,No
1st,No,Male,Mr,1,58.0,29.7,Known,Cherbourg,No
1st,No,Male,Mr,2,41.0,51.8625,Known,Southampton,No
1st,Yes,Female,Mrs,2,27.19707375090029,51.8625,Known,Southampton,Yes
1st,Yes,Male,Mr,2,42.0,52.5542,Known,Southampton,Yes
1st,Yes,Female,Mrs,2,45.0,52.5542,Known,Southampton,Yes
1st,No,Male,Mr,1,11.96875797046783,26.55,Known,Southampton,No
1st,Yes,Female,Miss,1,39.0,211.3375,Unknown,Southampton,Yes
1st,Yes,Female,Mr,1,49.0,25.9292,Known,Southampton,Yes
1st,Yes,Female,Miss,1,30.0,106.425,Unknown,Cherbourg,Yes
1st,Yes,Male,Mr,1,35.0,512.3292,Known,Cherbourg,Yes
1st,No,Male,Mr,1,31.65576528279389,27.7208,Unknown,Cherbourg,No
1st,No,Male,Mr,1,42.0,26.55,Unknown,Southampton,No
1st,Yes,Female,Mrs,1,55.0,27.7208,Unknown,Cherbourg,Yes
1st,Yes,Female,Miss,2,16.0,39.4,Known,Southampton,Yes
1st,Yes,Female,Mrs,2,51.0,39.4,Known,Southampton,Yes
1st,No,Male,Mr,1,29.0,30.0,Known,Southampton,No
1st,Yes,Female,Miss,1,21.0,77.9583,Known,Southampton,Yes
1st,No,Male,Mr,1,30.0,45.5,Unknown,Southampton,No
1st,Yes,Female,Miss,1,58.0,146.5208,Known,Cherbourg,No
1st,Yes,Female,Miss,2,15.0,211.3375,Known,Southampton,Yes
1st,No,Male,Mr,1,30.0,26.0,Known,Southampton,No
1st,Yes,Female,Miss,1,16.0,86.5,Known,Southampton,Yes
1st,Yes,Male,Mr,1,21.518972487058853,29.7,Known,Cherbourg,Yes
1st,No,Male,Mr,2,19.0,53.1,Known,Southampton,No
1st,Yes,Female,Mrs,2,18.0,53.1,Known,Southampton,Yes
1st,Yes,Female,Miss,1,24.0,49.5042,Known,Cherbourg,Yes
1st,No,Male,Mr,1,46.0,75.2417,Known,Cherbourg,No
1st,No,Male,Mr,1,54.0,51.8625,Known,Southampton,No
1st,Yes,Male,Mr,1,36.0,26.2875,Known,Southampton,Yes
1st,No,Male,Mr,2,28.0,82.1708,Unknown,Cherbourg,No
1st,Yes,Female,Mrs,2,15.852580263685129,82.1708,Unknown,Cherbourg,Yes
1st,No,Male,Mr,1,65.0,26.55,Known,Southampton,No
1st,No,Male,Mr,3,44.0,90.0,Known,Queenstown,No
1st,Yes,Female,Miss,2,33.0,90.0,Known,Queenstown,Yes
1st,Yes,Female,Mrs,2,37.0,90.0,Known,Queenstown,Yes
1st,Yes,Male,Mr,2,30.0,57.75,Known,Cherbourg,Yes
1st,No,Male,Mr,1,55.0,30.5,Known,Southampton,No
1st,No,Male,Mr,1,47.0,42.4,Unknown,Southampton,No
1st,No,Male,Mr,2,37.0,29.7,Known,Cherbourg,No
1st,Yes,Female,Miss,2,31.0,113.275,Known,Cherbourg,Yes
1st,Yes,Female,Miss,2,23.0,113.275,Known,Cherbourg,Yes
1st,No,Male,Mr,3,58.0,113.275,Known,Cherbourg,No
1st,Yes,Female,Miss,3,19.0,26.2833,Known,Southampton,Yes
1st,No,Male,Mr,1,64.0,26.0,Unknown,Southampton,No
1st,Yes,Female,Dona,1,39.0,108.9,Known,Cherbourg,Yes
1st,Yes,Male,Mr,1,29.54143022608631,25.7417,Unknown,Cherbourg,Yes
1st,Yes,Female,Miss,2,22.0,61.9792,Known,Cherbourg,Yes
1st,No,Male,Mr,2,65.0,61.9792,Known,Cherbourg,No
1st,No,Male,Mr,1,28.5,27.7208,Known,Cherbourg,No
1st,No,Male,Mr,1,26.891743545944315,0.0,Unknown,Southampton,No
1st,No,Male,Mr,1,45.5,28.5,Known,Southampton,No
1st,No,Male,Mr,1,23.0,93.5,Known,Southampton,No
1st,No,Male,Mr,2,29.0,66.6,Known,Southampton,No
1st,Yes,Female,Mrs,2,22.0,66.6,Known,Southampton,Yes
1st,No,Male,Mr,2,18.0,108.9,Known,Cherbourg,No
1st,Yes,Female,Mrs,2,17.0,108.9,Known,Cherbourg,Yes
1st,Yes,Female,Miss,1,30.0,93.5,Known,Southampton,Yes
1st,Yes,Male,Mr,1,52.0,30.5,Known,Southampton,Yes
1st,No,Male,Mr,1,47.0,52.0,Known,Southampton,No
1st,Yes,Female,Mrs,2,56.0,83.1583,Known,Cherbourg,Yes
1st,No,Male,Other,1,38.0,0.0,Unknown,Southampton,No
1st,Yes,Male,Mr,1,36.18400773021559,39.6,Unknown,Southampton,Yes
1st,No,Male,Mr,1,22.0,135.6333,Unknown,Cherbourg,No
1st,No,Male,Mr,1,5.885667528193064,227.525,Unknown,Cherbourg,No
1st,Yes,Female,Mrs,2,43.0,211.3375,Known,Southampton,Yes
1st,No,Male,Mr,1,31.0,50.4958,Known,Southampton,No
1st,Yes,Male,Mr,1,45.0,26.55,Unknown,Southampton,Yes
1st,No,Male,Mr,1,28.95334167738396,50.0,Known,Southampton,No
1st,Yes,Female,Miss,1,33.0,27.7208,Known,Cherbourg,Yes
1st,No,Male,Mr,1,46.0,79.2,Unknown,Cherbourg,No
1st,No,Male,Mr,1,36.0,40.125,Known,Cherbourg,No
1st,Yes,Female,Mrs,1,33.0,86.5,Known,Southampton,Yes
1st,No,Male,Mr,2,55.0,59.4,Unknown,Cherbourg,No
1st,Yes,Female,Mrs,2,54.0,59.4,Unknown,Cherbourg,Yes
1st,No,Male,Mr,1,33.0,26.55,Unknown,Southampton,No
1st,Yes,Male,Master,5,13.0,262.375,Known,Cherbourg,Yes
1st,Yes,Female,Miss,5,18.0,262.375,Known,Cherbourg,Yes
1st,Yes,Female,Miss,5,21.0,262.375,Known,Cherbourg,Yes
1st,No,Male,Mr,5,61.0,262.375,Known,Cherbourg,No
1st,Yes,Female,Mrs,5,48.0,262.375,Known,Cherbourg,Yes
1st,Yes,Male,Mr,1,31.124958396678597,30.5,Known,Southampton,Yes
1st,Yes,Male,Mr,1,12.318508235792056,26.0,Unknown,Southampton,Yes
1st,Yes,Female,Mrs,2,35.0,57.75,Known,Cherbourg,Yes
1st,Yes,Female,Miss,1,30.0,31.0,Unknown,Cherbourg,Yes
1st,Yes,Male,Mr,1,34.0,26.55,Unknown,Southampton,Yes
1st,Yes,Female,Miss,1,40.0,153.4625,Known,Southampton,Yes
1st,Yes,Male,Mr,1,35.0,26.2875,Known,Southampton,Yes
1st,No,Male,Mr,2,50.0,55.9,Known,Southampton,No
1st,Yes,Female,Mrs,2,39.0,55.9,Known,Southampton,Yes
1st,Yes,Male,Other,1,56.0,35.5,Known,Cherbourg,Yes
1st,Yes,Male,Mr,1,28.0,35.5,Known,Southampton,Yes
1st,No,Male,Mr,1,56.0,26.55,Unknown,Southampton,No
1st,No,Male,Mr,1,56.0,30.6958,Known,Cherbourg,No
1st,No,Male,Mr,2,24.0,60.0,Known,Southampton,No
1st,No,Male,Mr,1,21.04851436684487,26.0,Known,Southampton,No
1st,Yes,Female,Mrs,2,18.0,60.0,Known,Southampton,Yes
1st,Yes,Male,Mr,2,24.0,82.2667,Known,Southampton,Yes
1st,Yes,Female,Mrs,2,23.0,82.2667,Known,Southampton,Yes
1st,Yes,Male,Master,3,6.0,134.5,Known,Cherbourg,Yes
1st,Yes,Male,Mr,3,45.0,134.5,Known,Cherbourg,Yes
1st,Yes,Female,Mrs,3,40.0,134.5,Known,Cherbourg,Yes
1st,No,Male,Mr,2,57.0,146.5208,Known,Cherbourg,No
1st,Yes,Female,Mrs,2,36.21631510867152,146.5208,Known,Cherbourg,Yes
1st,Yes,Male,Mr,1,32.0,30.5,Known,Cherbourg,Yes
1st,No,Male,Mr,1,62.0,26.55,Known,Southampton,No
1st,Yes,Male,Mr,2,54.0,55.4417,Known,Cherbourg,Yes
1st,Yes,Female,Mrs,2,43.0,55.4417,Known,Cherbourg,Yes
1st,Yes,Female,Mrs,2,52.0,78.2667,Known,Cherbourg,Yes
1st,No,Male,Mr,1,16.43000491561739,27.7208,Unknown,Cherbourg,No
1st,Yes,Female,Mrs,1,62.0,80.0,Known,Southampton,Yes
1st,No,Male,Mr,2,67.0,221.7792,Known,Southampton,No
1st,No,Female,Mrs,2,63.0,221.7792,Known,Southampton,No
1st,No,Male,Mr,1,61.0,32.3208,Known,Southampton,No
1st,Yes,Female,Mrs,1,48.0,25.9292,Known,Southampton,Yes
1st,Yes,Female,Miss,3,18.0,79.65,Known,Southampton,Yes
1st,No,Male,Mr,3,52.0,79.65,Known,Southampton,No
1st,Yes,Female,Mrs,3,39.0,79.65,Known,Southampton,Yes
1st,Yes,Male,Mr,2,48.0,52.0,Known,Southampton,Yes
1st,Yes,Female,Mrs,2,0.7997934247781373,52.0,Known,Southampton,Yes
1st,No,Male,Mr,3,49.0,110.8833,Known,Cherbourg,No
1st,Yes,Male,Mr,3,17.0,110.8833,Known,Cherbourg,Yes
1st,Yes,Female,Mrs,3,39.0,110.8833,Known,Cherbourg,Yes
1st,Yes,Female,Mrs,1,15.55794082349169,79.2,Unknown,Cherbourg,Yes
1st,Yes,Male,Mr,1,31.0,28.5375,Known,Cherbourg,Yes
1st,No,Male,Mr,1,40.0,27.7208,Unknown,Cherbourg,No
1st,No,Male,Mr,1,61.0,33.5,Known,Southampton,No
1st,No,Male,Mr,1,47.0,34.0208,Known,Southampton,No
1st,Yes,Female,Miss,1,35.0,512.3292,Unknown,Cherbourg,Yes
1st,No,Male,Mr,2,64.0,75.25,Known,Cherbourg,No
1st,Yes,Female,Mrs,2,60.0,75.25,Known,Cherbourg,Yes
1st,No,Male,Other,1,60.0,26.55,Unknown,Southampton,No
1st,No,Male,Mr,2,54.0,77.2875,Known,Southampton,No
1st,No,Male,Mr,2,21.0,77.2875,Known,Southampton,No
1st,Yes,Female,Mrs,1,55.0,135.6333,Known,Cherbourg,Yes
1st,Yes,Female,Miss,3,31.0,164.8667,Known,Southampton,Yes
1st,No,Male,Mr,3,57.0,164.8667,Unknown,Southampton,No
1st,Yes,Female,Mrs,3,45.0,164.8667,Unknown,Southampton,Yes
1st,No,Male,Mr,3,50.0,211.5,Known,Cherbourg,No
1st,No,Male,Mr,3,27.0,211.5,Known,Cherbourg,No
1st,Yes,Female,Mrs,3,50.0,211.5,Known,Cherbourg,Yes
1st,Yes,Female,Miss,1,21.0,26.55,Unknown,Southampton,Yes
1st,No,Male,Mr,2,51.0,61.3792,Unknown,Cherbourg,No
1st,Yes,Male,Mr,2,21.0,61.3792,Unknown,Cherbourg,Yes
1st,No,Male,Mr,1,20.492210371975688,35.0,Known,Southampton,No
1st,Yes,Female,Miss,1,31.0,134.5,Known,Cherbourg,Yes
1st,Yes,Male,Mr,1,1.997626563556441,35.5,Known,Southampton,Yes
1st,No,Male,Mr,1,62.0,26.55,Unknown,Southampton,No
1st,Yes,Female,Miss,1,36.0,135.6333,Known,Cherbourg,Yes
2nd,No,Male,Mr,2,30.0,24.0,Unknown,Cherbourg,No
2nd,Yes,Female,Mrs,2,28.0,24.0,Unknown,Cherbourg,Yes
2nd,No,Male,Mr,1,30.0,13.0,Unknown,Southampton,No
2nd,No,Male,Mr,1,18.0,11.5,Unknown,Southampton,No
2nd,No,Male,Mr,1,25.0,10.5,Unknown,Southampton,No
2nd,No,Male,Mr,2,34.0,26.0,Unknown,Southampton,No
2nd,Yes,Female,Mrs,2,36.0,26.0,Unknown,Southampton,Yes
2nd,No,Male,Mr,1,57.0,13.0,Unknown,Southampton,No
2nd,No,Male,Mr,1,23.0,10.5,Unknown,Southampton,No
2nd,Yes,Female,Mrs,1,36.0,13.0,Known,Southampton,Yes
2nd,No,Male,Mr,1,28.0,10.5,Unknown,Southampton,No
2nd,No,Male,Other,1,51.0,12.525,Unknown,Southampton,No
2nd,Yes,Male,Mr,2,32.0,26.0,Unknown,Southampton,Yes
2nd,Yes,Female,Mrs,2,19.0,26.0,Unknown,Southampton,Yes
2nd,No,Male,Mr,1,28.0,26.0,Unknown,Southampton,No
2nd,Yes,Male,Master,4,1.0,39.0,Known,Southampton,Yes
2nd,Yes,Female,Miss,4,4.0,39.0,Known,Southampton,Yes
2nd,Yes,Female,Miss,4,12.0,39.0,Known,Southampton,Yes
2nd,Yes,Female,Mrs,4,36.0,39.0,Known,Southampton,Yes
2nd,Yes,Male,Mr,1,34.0,13.0,Known,Southampton,Yes
2nd,Yes,Female,Miss,1,19.0,13.0,Unknown,Southampton,Yes
2nd,No,Male,Mr,1,23.0,13.0,Unknown,Southampton,No
2nd,No,Male,Mr,1,26.0,13.0,Unknown,Southampton,No
2nd,No,Male,Mr,1,42.0,13.0,Unknown,Southampton,No
2nd,No,Male,Mr,1,27.0,13.0,Unknown,Southampton,No
2nd,Yes,Female,Miss,1,24.0,13.0,Known,Southampton,Yes
2nd,Yes,Female,Miss,3,15.0,39.0,Unknown,Southampton,Yes
2nd,No,Male,Mr,3,60.0,39.0,Unknown,Southampton,No
2nd,Yes,Female,Mrs,3,40.0,39.0,Unknown,Southampton,Yes
2nd,Yes,Female,Miss,2,20.0,26.0,Unknown,Southampton,Yes
2nd,No,Male,Mr,2,25.0,26.0,Unknown,Southampton,No
2nd,Yes,Female,Miss,1,36.0,13.0,Unknown,Southampton,Yes
2nd,No,Male,Mr,1,25.0,13.0,Unknown,Southampton,No
2nd,No,Male,Other,1,42.0,13.0,Unknown,Southampton,No
2nd,Yes,Female,Mrs,1,42.0,13.0,Unknown,Southampton,No
2nd,Yes,Male,Master,3,0.8333,29.0,Unknown,Southampton,Yes
2nd,Yes,Male,Mr,3,26.0,29.0,Unknown,Southampton,Yes
2nd,Yes,Female,Mrs,3,22.0,29.0,Unknown,Southampton,Yes
2nd,Yes,Female,Miss,1,35.0,21.0,Unknown,Southampton,Yes
2nd,No,Male,Mr,1,24.74504924798297,0.0,Unknown,Southampton,No
2nd,No,Male,Mr,1,19.0,13.0,Unknown,Southampton,No
2nd,No,Female,Mrs,2,44.0,26.0,Unknown,Southampton,No
2nd,No,Male,Other,2,54.0,26.0,Unknown,Southampton,No
2nd,No,Male,Mr,1,52.0,13.5,Unknown,Southampton,No
2nd,No,Male,Mr,2,37.0,26.0,Unknown,Southampton,No
2nd,No,Female,Mrs,2,29.0,26.0,Unknown,Southampton,No
2nd,Yes,Female,Miss,3,25.0,30.0,Unknown,Southampton,Yes
2nd,Yes,Female,Mrs,3,45.0,30.0,Unknown,Southampton,Yes
2nd,No,Male,Mr,2,29.0,26.0,Unknown,Southampton,No
2nd,Yes,Female,Mrs,2,28.0,26.0,Unknown,Southampton,Yes
2nd,No,Male,Mr,1,29.0,10.5,Unknown,Southampton,No
2nd,No,Male,Mr,1,28.0,13.0,Unknown,Southampton,No
2nd,Yes,Male,Mr,1,24.0,10.5,Unknown,Southampton,Yes
2nd,Yes,Female,Miss,3,8.0,26.25,Unknown,Southampton,Yes
2nd,No,Male,Mr,3,31.0,26.25,Unknown,Southampton,No
2nd,Yes,Female,Mrs,3,31.0,26.25,Unknown,Southampton,Yes
2nd,Yes,Female,Mrs,1,22.0,10.5,Known,Southampton,Yes
2nd,No,Female,Mrs,1,30.0,13.0,Unknown,Southampton,No
2nd,No,Female,Mrs,1,36.29282835424971,21.0,Unknown,Southampton,No
2nd,No,Male,Mr,1,21.0,11.5,Unknown,Southampton,No
2nd,No,Male,Mr,1,54.583608635424085,0.0,Unknown,Southampton,No
2nd,Yes,Male,Master,3,8.0,36.75,Unknown,Southampton,Yes
2nd,No,Male,Mr,1,18.0,73.5,Unknown,Southampton,No
2nd,Yes,Female,Mrs,3,48.0,36.75,Unknown,Southampton,Yes
2nd,Yes,Female,Miss,1,28.0,13.0,Unknown,Southampton,Yes
2nd,No,Male,Mr,1,32.0,13.0,Unknown,Southampton,No
2nd,No,Male,Mr,1,17.0,73.5,Unknown,Southampton,No
2nd,No,Male,Mr,2,29.0,27.7208,Unknown,Cherbourg,No
2nd,Yes,Female,Mrs,2,24.0,27.7208,Unknown,Cherbourg,Yes
2nd,No,Male,Mr,1,25.0,31.5,Unknown,Southampton,No
2nd,Yes,Female,Miss,2,18.0,23.0,Unknown,Southampton,No
2nd,Yes,Female,Mrs,2,34.0,23.0,Unknown,Southampton,No
2nd,No,Male,Mr,1,54.0,26.0,Unknown,Southampton,No
2nd,Yes,Male,Master,3,8.0,32.5,Unknown,Southampton,Yes
2nd,No,Male,Mr,3,42.0,32.5,Unknown,Southampton,No
2nd,Yes,Female,Mrs,3,34.0,32.5,Unknown,Southampton,Yes
2nd,Yes,Female,Miss,2,27.0,13.8583,Unknown,Cherbourg,Yes
2nd,Yes,Female,Miss,2,30.0,13.8583,Unknown,Cherbourg,Yes
2nd,No,Male,Mr,1,21.0,13.0,Unknown,Southampton,No
2nd,No,Male,Mr,1,18.0,13.0,Unknown,Southampton,No
2nd,No,Male,Mr,2,40.0,26.0,Unknown,Southampton,No
2nd,Yes,Female,Mrs,2,29.0,26.0,Unknown,Southampton,Yes
2nd,No,Male,Mr,1,18.0,10.5,Unknown,Southampton,No
2nd,No,Male,Mr,1,36.0,13.0,Unknown,Southampton,No
2nd,No,Male,Mr,1,25.08535087504374,0.0,Unknown,Southampton,No
2nd,No,Female,Miss,1,38.0,13.0,Unknown,Southampton,No
2nd,No,Male,Mr,1,35.0,26.0,Unknown,Southampton,No
2nd,No,Male,Mr,2,38.0,21.0,Unknown,Southampton,No
2nd,No,Male,Mr,2,34.0,21.0,Unknown,Southampton,No
2nd,Yes,Female,Miss,1,34.0,13.0,Unknown,Southampton,Yes
2nd,No,Male,Mr,1,16.0,26.0,Unknown,Southampton,No
2nd,No,Male,Mr,1,26.0,10.5,Unknown,Southampton,No
2nd,No,Male,Mr,1,47.0,10.5,Unknown,Southampton,No
2nd,No,Male,Mr,2,21.0,11.5,Unknown,Southampton,No
2nd,No,Male,Mr,1,24.0,13.5,Unknown,Southampton,No
2nd,No,Male,Mr,1,24.0,13.0,Unknown,Southampton,No
2nd,No,Male,Mr,1,34.0,13.0,Unknown,Southampton,No
2nd,No,Male,Mr,1,52.0,13.0,Unknown,Southampton,No
2nd,Yes,Male,Master,3,0.6667,14.5,Unknown,Southampton,Yes
2nd,Yes,Female,Mrs,3,24.0,14.5,Unknown,Southampton,Yes
2nd,No,Male,Mr,1,44.0,13.0,Unknown,Southampton,No
2nd,Yes,Female,Miss,2,6.0,33.0,Unknown,Southampton,Yes
2nd,No,Male,Other,2,28.0,33.0,Unknown,Southampton,No
2nd,Yes,Male,Mr,1,62.0,10.5,Unknown,Southampton,Yes
2nd,No,Male,Mr,1,30.0,10.5,Unknown,Southampton,No
2nd,Yes,Female,Miss,3,7.0,26.25,Unknown,Southampton,Yes
2nd,No,Male,Mr,3,43.0,26.25,Unknown,Southampton,No
2nd,Yes,Female,Mrs,3,45.0,26.25,Unknown,Southampton,Yes
2nd,Yes,Female,Miss,4,24.0,65.0,Unknown,Southampton,Yes
2nd,No,Male,Mr,4,49.0,65.0,Unknown,Southampton,No
2nd,Yes,Female,Mrs,4,48.0,65.0,Unknown,Southampton,Yes
2nd,Yes,Female,Mrs,1,55.0,16.0,Unknown,Southampton,Yes
2nd,No,Male,Mr,3,24.0,73.5,Unknown,Southampton,No
2nd,No,Male,Mr,3,32.0,73.5,Unknown,Southampton,No
2nd,No,Male,Mr,3,21.0,73.5,Unknown,Southampton,No
2nd,No,Female,Miss,3,18.0,13.0,Unknown,Southampton,No
2nd,Yes,Female,Miss,4,20.0,23.0,Unknown,Southampton,Yes
2nd,No,Male,Mr,4,23.0,11.5,Unknown,Southampton,No
2nd,Yes,Female,Mrs,5,54.0,23.0,Unknown,Southampton,Yes
2nd,No,Male,Mr,1,50.0,13.0,Unknown,Southampton,No
2nd,No,Male,Mr,2,44.0,26.0,Unknown,Southampton,No
2nd,No,Male,Mr,1,21.0,73.5,Unknown,Southampton,No
2nd,Yes,Male,Mr,1,42.0,13.0,Unknown,Southampton,Yes
2nd,No,Male,Mr,2,63.0,26.0,Unknown,Southampton,No
2nd,No,Female,Mrs,2,60.0,26.0,Unknown,Southampton,No
2nd,No,Male,Mr,1,33.0,12.275,Unknown,Southampton,No
2nd,Yes,Female,Miss,1,17.0,10.5,Unknown,Southampton,No
2nd,No,Male,Mr,2,42.0,27.0,Unknown,Southampton,No
2nd,Yes,Female,Mrs,4,24.0,27.0,Unknown,Southampton,Yes
2nd,No,Male,Mr,1,47.0,15.0,Unknown,Southampton,No
2nd,No,Male,Mr,3,24.0,31.5,Unknown,Southampton,No
2nd,No,Male,Mr,3,22.0,31.5,Unknown,Southampton,No
2nd,No,Male,Mr,1,32.0,10.5,Unknown,Southampton,No
2nd,Yes,Female,Mrs,1,23.0,13.7917,Known,Cherbourg,Yes
2nd,Yes,Female,Mrs,2,24.0,26.0,Unknown,Southampton,Yes
2nd,No,Female,Mrs,1,22.0,21.0,Unknown,Southampton,No
2nd,Yes,Female,Miss,1,2.9106134756450537,12.35,Known,Queenstown,Yes
2nd,No,Male,Mr,1,35.0,12.35,Unknown,Queenstown,No
2nd,Yes,Female,Mrs,1,45.0,13.5,Unknown,Southampton,Yes
2nd,No,Male,Other,1,57.0,12.35,Unknown,Queenstown,No
2nd,No,Male,Mr,1,55.6223209514809,0.0,Unknown,Southampton,No
2nd,No,Male,Mr,1,31.0,10.5,Unknown,Southampton,No
2nd,No,Female,Mrs,3,26.0,26.0,Unknown,Southampton,No
2nd,No,Male,Other,3,30.0,26.0,Unknown,Southampton,No
2nd,No,Male,Mr,1,18.016651837486613,10.7083,Unknown,Queenstown,No
2nd,Yes,Female,Miss,4,1.0,41.5792,Unknown,Cherbourg,Yes
2nd,Yes,Female,Miss,4,3.0,41.5792,Unknown,Cherbourg,Yes
2nd,No,Male,Mr,4,25.0,41.5792,Unknown,Cherbourg,No
2nd,Yes,Female,Mrs,4,22.0,41.5792,Unknown,Cherbourg,Yes
2nd,Yes,Female,Miss,1,17.0,12.0,Unknown,Cherbourg,Yes
2nd,Yes,Female,Miss,1,36.7157434417392,33.0,Unknown,Southampton,Yes
2nd,Yes,Female,Mrs,1,34.0,10.5,Known,Southampton,Yes
2nd,No,Male,Mr,1,36.0,12.875,Known,Cherbourg,No
2nd,No,Male,Mr,1,24.0,10.5,Unknown,Southampton,No
2nd,No,Male,Mr,1,61.0,12.35,Unknown,Queenstown,No
2nd,No,Male,Mr,2,50.0,26.0,Unknown,Southampton,No
2nd,Yes,Female,Mrs,2,42.0,26.0,Unknown,Southampton,No
2nd,No,Female,Mrs,1,57.0,10.5,Known,Southampton,No
2nd,No,Male,Mr,1,19.486838743345483,15.0458,Known,Cherbourg,No
2nd,Yes,Male,Master,3,1.0,37.0042,Unknown,Cherbourg,Yes
2nd,No,Male,Mr,3,31.0,37.0042,Unknown,Cherbourg,No
2nd,Yes,Female,Mrs,3,24.0,37.0042,Unknown,Cherbourg,Yes
2nd,No,Male,Mr,1,5.663385193872557,15.5792,Unknown,Cherbourg,No
2nd,No,Male,Mr,1,40.0,16.0,Unknown,Southampton,No
2nd,No,Male,Mr,1,32.0,13.5,Unknown,Southampton,No
2nd,No,Male,Mr,1,46.0,26.0,Unknown,Southampton,No
2nd,Yes,Female,Miss,2,13.0,19.5,Unknown,Southampton,Yes
2nd,Yes,Female,Mrs,2,41.0,19.5,Unknown,Southampton,Yes
2nd,Yes,Male,Mr,1,19.0,10.5,Unknown,Southampton,Yes
2nd,No,Male,Mr,1,39.0,13.0,Unknown,Southampton,No
2nd,No,Male,Mr,1,48.0,13.0,Unknown,Southampton,No
2nd,No,Male,Mr,1,70.0,10.5,Unknown,Southampton,No
2nd,No,Male,Other,1,27.0,13.0,Unknown,Southampton,No
2nd,No,Male,Mr,1,54.0,14.0,Unknown,Southampton,No
2nd,No,Male,Mr,1,39.0,26.0,Unknown,Southampton,No
2nd,No,Male,Mr,1,16.0,10.5,Unknown,Southampton,No
2nd,No,Male,Mr,1,62.0,9.6875,Unknown,Queenstown,No
2nd,No,Male,Mr,2,32.5,30.0708,Unknown,Cherbourg,No
2nd,Yes,Female,Mrs,2,14.0,30.0708,Unknown,Cherbourg,No
2nd,Yes,Male,Master,3,2.0,26.0,Known,Southampton,Yes
2nd,Yes,Male,Master,3,3.0,26.0,Known,Southampton,Yes
2nd,No,Male,Mr,3,36.5,26.0,Known,Southampton,No
2nd,No,Male,Mr,1,26.0,13.0,Known,Southampton,No
2nd,No,Male,Mr,3,19.0,36.75,Unknown,Southampton,No
2nd,No,Male,Mr,1,28.0,13.5,Unknown,Southampton,No
2nd,Yes,Male,Mr,1,20.0,13.8625,Known,Cherbourg,Yes
2nd,Yes,Female,Mrs,1,29.0,10.5,Known,Southampton,Yes
2nd,Yes,Male,Mr,1,22.0,10.5,Unknown,Southampton,Yes
2nd,Yes,Male,Mr,1,30.65626941223154,13.8625,Unknown,Cherbourg,Yes
2nd,Yes,Male,Mr,1,29.0,13.8583,Unknown,Cherbourg,Yes
2nd,No,Male,Mr,1,14.564283520500757,0.0,Unknown,Southampton,No
2nd,Yes,Female,Mrs,2,50.0,26.0,Unknown,Southampton,Yes
2nd,No,Male,Mr,1,19.0,10.5,Unknown,Southampton,No
2nd,No,Male,Mr,1,32.76430389657284,15.05,Unknown,Cherbourg,No
2nd,No,Male,Other,1,41.0,13.0,Unknown,Southampton,No
2nd,Yes,Female,Miss,2,21.0,21.0,Unknown,Southampton,Yes
2nd,Yes,Female,Miss,1,19.0,26.0,Unknown,Southampton,Yes
2nd,No,Male,Mr,2,43.0,21.0,Unknown,Southampton,No
2nd,Yes,Female,Mrs,1,32.0,13.0,Unknown,Southampton,Yes
2nd,Yes,Male,Mr,1,30.0,12.7375,Unknown,Cherbourg,Yes
2nd,No,Male,Mr,1,27.0,15.0333,Unknown,Cherbourg,No
2nd,Yes,Female,Miss,3,2.0,26.0,Unknown,Southampton,Yes
2nd,Yes,Female,Miss,3,8.0,26.0,Unknown,Southampton,Yes
2nd,Yes,Female,Mrs,3,33.0,26.0,Unknown,Southampton,Yes
2nd,No,Male,Mr,1,36.0,10.5,Unknown,Southampton,No
2nd,No,Male,Mr,2,34.0,21.0,Unknown,Southampton,Yes
2nd,Yes,Female,Mrs,4,30.0,21.0,Unknown,Southampton,No
2nd,No,Male,Mr,1,23.0,15.0458,Unknown,Cherbourg,No
2nd,Yes,Male,Master,3,0.8333,18.75,Unknown,Southampton,Yes
2nd,Yes,Male,Master,3,3.0,18.75,Unknown,Southampton,Yes
2nd,Yes,Female,Mrs,6,24.0,18.75,Unknown,Southampton,Yes
2nd,Yes,Female,Miss,1,50.0,10.5,Unknown,Southampton,Yes
2nd,Yes,Female,Miss,1,21.0,10.5,Unknown,Southampton,Yes
2nd,No,Male,Mr,1,27.0,26.0,Unknown,Southampton,No
2nd,Yes,Female,Mrs,2,25.0,26.0,Unknown,Southampton,Yes
2nd,Yes,Female,Miss,3,18.0,13.0,Unknown,Southampton,Yes
2nd,Yes,Female,Miss,1,20.0,36.75,Unknown,Southampton,Yes
2nd,Yes,Female,Miss,1,30.0,13.0,Unknown,Southampton,Yes
2nd,No,Male,Mr,1,59.0,13.5,Unknown,Southampton,No
2nd,Yes,Female,Miss,1,30.0,12.35,Unknown,Queenstown,Yes
2nd,No,Male,Mr,1,35.0,10.5,Unknown,Southampton,No
2nd,Yes,Female,Miss,1,40.0,13.0,Unknown,Southampton,Yes
2nd,No,Male,Mr,1,41.0,15.0458,Unknown,Cherbourg,No
2nd,No,Male,Mr,1,18.5,13.0,Known,Southampton,No
2nd,No,Male,Mr,1,14.0,65.0,Unknown,Southampton,No
2nd,Yes,Female,Mrs,1,28.0,12.65,Unknown,Southampton,No
2nd,Yes,Female,Miss,1,27.0,10.5,Known,Southampton,Yes
2nd,No,Male,Mr,2,29.0,21.0,Unknown,Southampton,No
2nd,No,Female,Mrs,2,27.0,21.0,Unknown,Southampton,No
2nd,No,Male,Mr,1,40.0,13.0,Unknown,Southampton,No
2nd,Yes,Female,Miss,1,31.0,21.0,Unknown,Southampton,Yes
2nd,No,Male,Mr,2,30.0,21.0,Unknown,Southampton,No
2nd,No,Male,Mr,2,23.0,10.5,Unknown,Southampton,No
2nd,Yes,Female,Mrs,1,31.0,21.0,Unknown,Southampton,Yes
2nd,No,Male,Mr,1,35.67391680251708,0.0,Unknown,Southampton,No
2nd,Yes,Female,Miss,1,12.0,15.75,Unknown,Southampton,Yes
2nd,Yes,Female,Mrs,1,40.0,15.75,Unknown,Southampton,Yes
2nd,Yes,Female,Miss,1,32.5,13.0,Known,Southampton,Yes
2nd,No,Male,Mr,2,27.0,26.0,Unknown,Southampton,No
2nd,Yes,Male,Master,3,2.0,23.0,Unknown,Southampton,Yes
2nd,Yes,Female,Miss,3,4.0,23.0,Unknown,Southampton,Yes
2nd,Yes,Female,Mrs,3,29.0,23.0,Unknown,Southampton,Yes
2nd,Yes,Female,Miss,4,0.9167,27.75,Unknown,Southampton,Yes
2nd,Yes,Female,Miss,4,5.0,27.75,Unknown,Southampton,Yes
2nd,No,Male,Mr,4,36.0,27.75,Unknown,Southampton,No
2nd,Yes,Female,Mrs,4,33.0,27.75,Unknown,Southampton,Yes
2nd,No,Male,Mr,1,66.0,10.5,Unknown,Southampton,No
2nd,No,Male,Mr,1,26.054287529154276,12.875,Unknown,Southampton,No
2nd,Yes,Male,Mr,1,31.0,13.0,Unknown,Southampton,Yes
2nd,Yes,Male,Mr,1,9.326674793256124,13.0,Unknown,Southampton,Yes
2nd,Yes,Female,Miss,1,26.0,13.5,Unknown,Southampton,Yes
2nd,No,Female,Miss,1,24.0,13.0,Unknown,Southampton,No
3rd,No,Male,Mr,1,42.0,7.55,Unknown,Southampton,No
3rd,No,Male,Master,3,13.0,20.25,Unknown,Southampton,No
3rd,No,Male,Mr,3,16.0,20.25,Unknown,Southampton,No
3rd,Yes,Female,Mrs,3,35.0,20.25,Unknown,Southampton,Yes
3rd,Yes,Female,Miss,1,16.0,7.65,Unknown,Southampton,Yes
3rd,Yes,Male,Mr,1,25.0,7.65,Known,Southampton,Yes
3rd,Yes,Male,Mr,1,20.0,7.925,Unknown,Southampton,Yes
3rd,Yes,Female,Mrs,1,18.0,7.2292,Unknown,Cherbourg,Yes
3rd,No,Male,Mr,1,30.0,7.25,Unknown,Southampton,No
3rd,No,Male,Mr,1,26.0,8.05,Unknown,Southampton,No
3rd,No,Female,Mrs,2,40.0,9.475,Unknown,Southampton,No
3rd,Yes,Male,Master,2,0.8333,9.35,Unknown,Southampton,Yes
3rd,Yes,Female,Mrs,2,18.0,9.35,Unknown,Southampton,Yes
3rd,Yes,Male,Mr,1,26.0,18.7875,Unknown,Cherbourg,Yes
3rd,No,Male,Mr,1,26.0,7.8875,Unknown,Southampton,No
3rd,No,Male,Mr,1,20.0,7.925,Unknown,Southampton,No
3rd,No,Male,Mr,1,24.0,7.05,Unknown,Southampton,No
3rd,No,Male,Mr,1,25.0,7.05,Unknown,Southampton,No
3rd,No,Male,Mr,1,35.0,8.05,Unknown,Southampton,No
3rd,No,Male,Mr,1,18.0,8.3,Unknown,Southampton,No
3rd,No,Male,Mr,1,32.0,22.525,Unknown,Southampton,No
3rd,Yes,Female,Miss,2,19.0,7.8542,Unknown,Southampton,Yes
3rd,No,Male,Master,7,4.0,31.275,Unknown,Southampton,No
3rd,No,Female,Miss,7,6.0,31.275,Unknown,Southampton,No
3rd,No,Female,Miss,7,2.0,31.275,Unknown,Southampton,No
3rd,Yes,Female,Miss,7,17.0,7.925,Unknown,Southampton,Yes
3rd,No,Female,Miss,7,38.0,7.775,Unknown,Southampton,No
3rd,No,Female,Miss,7,9.0,31.275,Unknown,Southampton,No
3rd,No,Female,Miss,7,11.0,31.275,Unknown,Southampton,No
3rd,No,Male,Mr,7,39.0,31.275,Unknown,Southampton,No
3rd,Yes,Male,Mr,1,27.0,7.7958,Unknown,Southampton,Yes
3rd,No,Male,Mr,1,26.0,7.775,Unknown,Southampton,No
3rd,No,Female,Mrs,7,39.0,31.275,Unknown,Southampton,No
3rd,No,Male,Mr,1,20.0,7.8542,Unknown,Southampton,No
3rd,No,Male,Mr,1,26.0,7.8958,Unknown,Southampton,No
3rd,No,Male,Mr,2,25.0,17.8,Unknown,Southampton,No
3rd,No,Female,Mrs,2,18.0,17.8,Unknown,Southampton,No
3rd,No,Male,Mr,1,24.0,7.775,Unknown,Southampton,No
3rd,No,Male,Mr,1,35.0,7.05,Unknown,Southampton,No
3rd,No,Male,Master,7,5.0,31.3875,Unknown,Southampton,No
3rd,No,Male,Master,7,9.0,31.3875,Unknown,Southampton,No
3rd,Yes,Male,Master,7,3.0,31.3875,Unknown,Southampton,Yes
3rd,No,Male,Master,7,13.0,31.3875,Unknown,Southampton,No
3rd,Yes,Female,Miss,7,5.0,31.3875,Unknown,Southampton,Yes
3rd,No,Male,Mr,7,40.0,31.3875,Unknown,Southampton,No
3rd,Yes,Male,Mr,1,23.0,7.7958,Unknown,Southampton,Yes
3rd,Yes,Female,Mrs,7,38.0,31.3875,Unknown,Southampton,Yes
3rd,Yes,Female,Mrs,1,45.0,7.225,Unknown,Cherbourg,Yes
3rd,No,Male,Mr,1,21.0,7.225,Unknown,Cherbourg,No
3rd,No,Male,Mr,1,23.0,7.05,Unknown,Southampton,No
3rd,No,Female,Miss,1,17.0,14.4583,Unknown,Cherbourg,No
3rd,No,Male,Mr,1,30.0,7.225,Unknown,Cherbourg,No
3rd,No,Male,Mr,1,23.0,7.8542,Unknown,Southampton,No
3rd,Yes,Female,Miss,1,13.0,7.2292,Unknown,Cherbourg,Yes
3rd,No,Male,Mr,1,20.0,7.225,Unknown,Cherbourg,No
3rd,No,Male,Mr,2,32.0,15.85,Unknown,Southampton,Yes
3rd,Yes,Female,Mrs,4,33.0,15.85,Unknown,Southampton,No
3rd,Yes,Female,Miss,4,0.75,19.2583,Unknown,Cherbourg,Yes
3rd,Yes,Female,Miss,4,5.0,19.2583,Unknown,Cherbourg,Yes
3rd,Yes,Female,Mrs,4,24.0,19.2583,Unknown,Cherbourg,Yes
3rd,Yes,Female,Miss,1,18.0,8.05,Unknown,Southampton,Yes
3rd,No,Male,Mr,1,40.0,7.225,Unknown,Cherbourg,No
3rd,Yes,Male,Mr,1,20.0,7.2292,Unknown,Cherbourg,Yes
3rd,No,Female,Miss,2,18.0,14.4542,Unknown,Cherbourg,No
3rd,No,Female,Mrs,2,45.0,14.4542,Unknown,Cherbourg,No
3rd,No,Female,Miss,1,27.0,7.8792,Unknown,Queenstown,No
3rd,No,Male,Mr,1,22.0,8.05,Unknown,Southampton,No
3rd,No,Male,Mr,1,19.0,8.05,Unknown,Southampton,No
3rd,No,Male,Mr,1,22.0,9.35,Unknown,Southampton,No
3rd,No,Male,Master,1,13.994116110219032,7.2292,Unknown,Cherbourg,No
3rd,No,Male,Mr,1,20.0,4.0125,Unknown,Cherbourg,No
3rd,Yes,Male,Mr,1,32.0,56.4958,Unknown,Southampton,Yes
3rd,No,Male,Mr,1,21.0,7.775,Unknown,Southampton,No
3rd,No,Male,Mr,1,18.0,7.75,Unknown,Southampton,No
3rd,No,Male,Master,3,6.0,15.2458,Unknown,Cherbourg,No
3rd,No,Female,Miss,3,9.0,15.2458,Unknown,Cherbourg,No
3rd,No,Male,Mr,1,19.359380280218303,7.225,Unknown,Cherbourg,No
3rd,No,Female,Mrs,3,45.534158364207855,15.2458,Unknown,Cherbourg,No
3rd,No,Female,Miss,3,25.60097421777232,7.75,Unknown,Queenstown,No
3rd,No,Male,Mr,3,40.0,15.5,Unknown,Queenstown,No
3rd,No,Female,Mrs,3,32.0,15.5,Unknown,Queenstown,No
3rd,No,Male,Mr,1,21.0,16.1,Unknown,Southampton,No
3rd,Yes,Female,Miss,1,22.0,7.725,Unknown,Queenstown,Yes
3rd,No,Female,Miss,1,20.0,7.8542,Unknown,Southampton,No
3rd,No,Male,Mr,2,29.0,7.0458,Unknown,Southampton,No
3rd,No,Male,Mr,2,22.0,7.25,Unknown,Southampton,No
3rd,No,Male,Mr,1,22.0,7.7958,Unknown,Southampton,No
3rd,No,Female,Miss,1,18.5,7.2833,Unknown,Queenstown,No
3rd,Yes,Male,Mr,1,21.0,7.8208,Unknown,Queenstown,Yes
3rd,No,Male,Mr,1,19.0,6.75,Unknown,Queenstown,No
3rd,No,Female,Miss,1,18.0,7.8792,Unknown,Queenstown,No
3rd,No,Female,Miss,1,21.0,8.6625,Unknown,Southampton,No
3rd,No,Female,Miss,1,30.0,8.6625,Unknown,Southampton,No
3rd,No,Male,Mr,1,18.0,8.6625,Unknown,Southampton,No
3rd,No,Male,Mr,1,38.0,8.6625,Unknown,Southampton,No
3rd,No,Male,Mr,1,17.0,8.6625,Unknown,Southampton,No
3rd,No,Female,Miss,1,21.0,7.75,Unknown,Queenstown,No
3rd,No,Male,Mr,1,21.0,7.75,Unknown,Queenstown,No
3rd,No,Male,Mr,1,21.0,8.05,Unknown,Southampton,No
3rd,No,Male,Mr,2,19.196834597856892,14.4583,Unknown,Cherbourg,No
3rd,No,Female,Mrs,2,28.0107133548103,14.4583,Unknown,Cherbourg,No
3rd,No,Male,Mr,1,28.0,7.7958,Unknown,Southampton,No
3rd,No,Male,Mr,1,24.0,7.8542,Unknown,Southampton,No
3rd,Yes,Female,Miss,1,16.0,7.75,Unknown,Queenstown,Yes
3rd,No,Female,Miss,1,37.0,7.75,Unknown,Queenstown,No
3rd,No,Male,Mr,1,28.0,7.25,Unknown,Southampton,No
3rd,No,Male,Mr,1,24.0,8.05,Unknown,Southampton,No
3rd,No,Male,Mr,1,21.0,7.7333,Unknown,Queenstown,No
3rd,No,Male,Mr,1,29.0,8.05,Unknown,Southampton,No
3rd,No,Male,Mr,2,26.0,14.4542,Unknown,Cherbourg,No
3rd,No,Male,Mr,2,18.0,14.4542,Unknown,Cherbourg,No
3rd,No,Male,Mr,1,20.0,7.05,Unknown,Southampton,No
3rd,Yes,Male,Mr,1,18.0,8.05,Unknown,Southampton,Yes
3rd,No,Male,Mr,1,24.0,7.25,Unknown,Queenstown,No
3rd,No,Male,Mr,1,36.0,7.4958,Unknown,Southampton,No
3rd,No,Male,Mr,1,24.0,7.4958,Unknown,Southampton,No
3rd,No,Male,Mr,1,31.0,7.7333,Unknown,Queenstown,No
3rd,No,Male,Mr,1,31.0,7.75,Unknown,Queenstown,No
3rd,Yes,Female,Miss,1,22.0,7.75,Unknown,Queenstown,Yes
3rd,No,Female,Miss,1,30.0,7.6292,Unknown,Queenstown,No
3rd,No,Male,Mr,1,70.5,7.75,Unknown,Queenstown,No
3rd,No,Male,Mr,1,43.0,8.05,Unknown,Southampton,No
3rd,No,Male,Mr,1,35.0,7.8958,Unknown,Southampton,No
3rd,No,Male,Mr,1,27.0,7.8958,Unknown,Southampton,No
3rd,No,Male,Mr,1,19.0,7.8958,Unknown,Southampton,No
3rd,No,Male,Mr,1,30.0,8.05,Unknown,Southampton,No
3rd,Yes,Male,Master,3,9.0,15.9,Unknown,Southampton,Yes
3rd,Yes,Male,Master,3,3.0,15.9,Unknown,Southampton,Yes
3rd,Yes,Female,Mrs,3,36.0,15.9,Unknown,Southampton,Yes
3rd,No,Male,Mr,1,59.0,7.25,Unknown,Southampton,No
3rd,No,Male,Mr,1,19.0,8.1583,Unknown,Southampton,No
3rd,Yes,Female,Miss,2,17.0,16.1,Unknown,Southampton,Yes
3rd,No,Male,Mr,2,44.0,16.1,Unknown,Southampton,No
3rd,No,Male,Mr,1,22.5,7.225,Unknown,Cherbourg,No
3rd,Yes,Male,Mr,1,45.0,8.05,Unknown,Southampton,Yes
3rd,No,Female,Miss,1,22.0,10.5167,Unknown,Southampton,No
3rd,No,Male,Mr,1,19.0,10.1708,Unknown,Southampton,No
3rd,Yes,Female,Miss,1,30.0,6.95,Unknown,Queenstown,Yes
3rd,Yes,Male,Mr,1,29.0,7.75,Unknown,Queenstown,Yes
3rd,No,Male,Master,3,0.3333,14.4,Unknown,Southampton,No
3rd,No,Male,Mr,3,34.0,14.4,Unknown,Southampton,No
3rd,No,Female,Mrs,3,28.0,14.4,Unknown,Southampton,No
3rd,No,Male,Mr,1,25.0,7.8958,Unknown,Southampton,No
3rd,No,Male,Mr,3,24.0,24.15,Unknown,Southampton,No
3rd,No,Male,Mr,3,21.0,24.15,Unknown,Southampton,No
3rd,No,Male,Mr,3,17.0,8.05,Unknown,Southampton,No
3rd,No,Male,Mr,2,11.005827220339144,16.1,Unknown,Southampton,No
3rd,Yes,Female,Mrs,2,29.12621332431919,16.1,Unknown,Southampton,Yes
3rd,Yes,Male,Mr,2,36.5,17.4,Unknown,Southampton,Yes
3rd,Yes,Female,Mrs,2,36.0,17.4,Unknown,Southampton,Yes
3rd,Yes,Male,Mr,1,30.0,9.5,Unknown,Southampton,Yes
3rd,No,Male,Mr,1,16.0,9.5,Unknown,Southampton,No
3rd,Yes,Male,Master,4,1.0,20.575,Unknown,Southampton,Yes
3rd,Yes,Female,Miss,4,0.1667,20.575,Unknown,Southampton,Yes
3rd,No,Male,Mr,4,26.0,20.575,Unknown,Southampton,No
3rd,Yes,Female,Mrs,4,33.0,20.575,Unknown,Southampton,Yes
3rd,No,Male,Mr,1,16.62372309908147,7.8958,Unknown,Southampton,No
3rd,No,Male,Mr,1,39.478108104555446,7.8958,Unknown,Southampton,No
3rd,No,Male,Mr,1,22.0,7.25,Unknown,Southampton,No
3rd,No,Male,Mr,1,36.0,7.25,Unknown,Southampton,No
3rd,Yes,Female,Miss,1,19.0,7.8792,Unknown,Queenstown,Yes
3rd,No,Male,Mr,1,17.0,7.8958,Unknown,Southampton,No
3rd,No,Male,Mr,1,42.0,8.6625,Unknown,Southampton,No
3rd,No,Male,Mr,1,43.0,7.8958,Unknown,Southampton,No
3rd,No,Male,Mr,1,43.35835715270967,7.2292,Unknown,Cherbourg,No
3rd,No,Male,Mr,1,32.0,7.75,Unknown,Queenstown,No
3rd,Yes,Male,Mr,1,19.0,8.05,Unknown,Southampton,Yes
3rd,Yes,Female,Miss,1,30.0,12.475,Unknown,Southampton,Yes
3rd,No,Female,Miss,1,24.0,7.75,Unknown,Queenstown,No
3rd,Yes,Female,Miss,1,23.0,8.05,Unknown,Southampton,No
3rd,No,Male,Mr,1,33.0,7.8958,Unknown,Cherbourg,No
3rd,No,Male,Mr,1,65.0,7.75,Unknown,Queenstown,No
3rd,Yes,Male,Mr,1,24.0,7.55,Unknown,Southampton,Yes
3rd,No,Male,Mr,2,23.0,13.9,Unknown,Southampton,No
3rd,Yes,Female,Mrs,2,22.0,13.9,Unknown,Southampton,Yes
3rd,No,Male,Mr,1,18.0,7.775,Unknown,Southampton,No
3rd,No,Male,Mr,1,16.0,7.775,Unknown,Southampton,No
3rd,No,Male,Mr,1,45.0,6.975,Unknown,Southampton,No
3rd,No,Male,Mr,1,36.80255199071507,7.225,Unknown,Cherbourg,No
3rd,No,Male,Mr,3,39.0,7.2292,Unknown,Cherbourg,No
3rd,No,Male,Mr,3,17.0,7.2292,Unknown,Cherbourg,No
3rd,No,Male,Mr,3,15.0,7.2292,Unknown,Cherbourg,No
3rd,No,Male,Mr,1,47.0,7.25,Unknown,Southampton,No
3rd,Yes,Female,Miss,1,5.0,12.475,Unknown,Southampton,Yes
3rd,No,Male,Mr,1,35.18074914253448,7.225,Unknown,Cherbourg,No
3rd,No,Male,Mr,1,40.5,15.1,Unknown,Southampton,No
3rd,No,Male,Mr,1,40.5,7.75,Unknown,Queenstown,No
3rd,Yes,Male,Mr,1,2.368140300739121,7.05,Unknown,Southampton,Yes
3rd,No,Male,Mr,1,18.0,7.7958,Unknown,Southampton,No
3rd,No,Female,Miss,1,31.630132619471453,7.75,Unknown,Queenstown,No
3rd,No,Male,Mr,1,9.580944746345352,7.75,Unknown,Queenstown,No
3rd,No,Male,Mr,1,39.23403993677388,6.95,Unknown,Queenstown,No
3rd,No,Male,Mr,1,26.0,7.8792,Unknown,Queenstown,No
3rd,No,Male,Mr,1,23.24914346521339,7.75,Unknown,Queenstown,No
3rd,Yes,Male,Mr,1,16.506545299389437,56.4958,Unknown,Southampton,Yes
3rd,No,Female,Miss,5,21.0,34.375,Unknown,Southampton,No
3rd,No,Female,Miss,5,9.0,34.375,Unknown,Southampton,No
3rd,No,Male,Mr,1,18.9945056268752,8.05,Unknown,Southampton,No
3rd,No,Male,Mr,5,18.0,34.375,Unknown,Southampton,No
3rd,No,Male,Mr,5,16.0,34.375,Unknown,Southampton,No
3rd,No,Female,Mrs,5,48.0,34.375,Unknown,Southampton,No
3rd,No,Male,Mr,1,18.459478313159757,7.75,Unknown,Queenstown,No
3rd,No,Male,Mr,1,34.648398606068056,7.25,Unknown,Southampton,No
3rd,No,Male,Mr,1,25.0,7.7417,Unknown,Queenstown,No
3rd,No,Male,Mr,1,32.42314994817417,14.5,Unknown,Southampton,No
3rd,No,Male,Mr,1,30.77350677864285,7.8958,Unknown,Cherbourg,No
3rd,Yes,Female,Miss,1,16.0,7.7333,Unknown,Queenstown,Yes
3rd,Yes,Female,Miss,1,37.18135530417968,7.75,Unknown,Queenstown,Yes
3rd,Yes,Male,Master,3,9.0,20.525,Unknown,Southampton,Yes
3rd,No,Male,Mr,3,33.0,20.525,Unknown,Southampton,No
3rd,No,Male,Mr,1,41.0,7.85,Unknown,Southampton,No
3rd,Yes,Female,Mrs,3,31.0,20.525,Unknown,Southampton,Yes
3rd,No,Male,Mr,1,38.0,7.05,Unknown,Southampton,No
3rd,No,Male,Master,8,9.0,46.9,Unknown,Southampton,No
3rd,No,Male,Master,8,1.0,46.9,Unknown,Southampton,No
3rd,No,Male,Master,8,11.0,46.9,Unknown,Southampton,No
3rd,No,Female,Miss,8,10.0,46.9,Unknown,Southampton,No
3rd,No,Female,Miss,8,16.0,46.9,Unknown,Southampton,No
3rd,No,Male,Mr,8,14.0,46.9,Unknown,Southampton,No
3rd,No,Male,Mr,8,40.0,46.9,Unknown,Southampton,No
3rd,No,Female,Mrs,8,43.0,46.9,Unknown,Southampton,No
3rd,No,Male,Mr,1,51.0,8.05,Unknown,Southampton,No
3rd,No,Male,Mr,1,32.0,8.3625,Unknown,Southampton,No
3rd,No,Male,Mr,1,32.959302351635706,8.05,Unknown,Southampton,No
3rd,No,Male,Mr,1,20.0,9.8458,Unknown,Southampton,No
3rd,No,Male,Mr,3,37.0,7.925,Unknown,Southampton,No
3rd,No,Male,Mr,3,28.0,7.925,Unknown,Southampton,No
3rd,No,Male,Mr,1,19.0,7.775,Unknown,Southampton,No
3rd,No,Female,Miss,1,24.0,8.85,Unknown,Southampton,No
3rd,No,Female,Miss,1,17.0,7.7333,Unknown,Queenstown,No
3rd,No,Male,Mr,2,36.34908860982972,19.9667,Unknown,Southampton,No
3rd,No,Male,Mr,2,4.0342351235251925,19.9667,Unknown,Southampton,No
3rd,No,Male,Mr,2,28.0,15.85,Unknown,Southampton,No
3rd,Yes,Female,Mrs,2,24.0,15.85,Unknown,Southampton,Yes
3rd,No,Male,Mr,1,20.0,9.5,Unknown,Southampton,No
3rd,No,Male,Mr,1,23.5,7.2292,Unknown,Cherbourg,No
3rd,No,Male,Mr,3,41.0,14.1083,Unknown,Southampton,No
3rd,No,Male,Mr,2,26.0,7.8542,Unknown,Southampton,No
3rd,No,Male,Mr,1,21.0,7.8542,Unknown,Southampton,No
3rd,Yes,Female,Mrs,2,45.0,14.1083,Unknown,Southampton,Yes
3rd,No,Female,Miss,1,35.8371117848565,7.55,Unknown,Southampton,No
3rd,No,Male,Mr,1,25.0,7.25,Unknown,Southampton,Yes
3rd,No,Male,Mr,1,21.768989949419264,6.8583,Unknown,Queenstown,No
3rd,No,Male,Mr,1,11.0,18.7875,Unknown,Cherbourg,No
3rd,Yes,Female,Miss,1,11.217503042560091,7.75,Unknown,Queenstown,Yes
3rd,Yes,Male,Mr,1,27.0,6.975,Unknown,Southampton,Yes
3rd,Yes,Male,Mr,1,56.25931576225945,56.4958,Unknown,Southampton,Yes
3rd,No,Female,Miss,1,18.0,6.75,Unknown,Queenstown,No
3rd,Yes,Female,Miss,1,26.0,7.925,Unknown,Southampton,No
3rd,No,Female,Miss,1,23.0,7.925,Unknown,Southampton,No
3rd,Yes,Female,Miss,1,22.0,8.9625,Unknown,Southampton,Yes
3rd,No,Male,Mr,1,28.0,7.8958,Unknown,Southampton,No
3rd,No,Female,Miss,1,28.0,7.775,Unknown,Southampton,No
3rd,No,Female,Miss,1,16.937181312955936,7.75,Unknown,Queenstown,No
3rd,Yes,Female,Miss,2,2.0,12.2875,Unknown,Southampton,Yes
3rd,Yes,Female,Mrs,3,22.0,12.2875,Unknown,Southampton,Yes
3rd,No,Male,Mr,1,43.0,6.45,Unknown,Southampton,No
3rd,No,Male,Mr,1,28.0,22.525,Unknown,Southampton,No
3rd,Yes,Female,Miss,1,27.0,7.925,Unknown,Southampton,No
3rd,No,Male,Mr,1,34.86317030970486,7.75,Unknown,Queenstown,No
3rd,Yes,Female,Miss,1,42.913769142961314,8.05,Unknown,Southampton,Yes
3rd,No,Male,Mr,1,42.0,7.65,Known,Southampton,No
3rd,Yes,Male,Mr,1,38.97575345895393,7.8875,Unknown,Southampton,Yes
3rd,No,Male,Mr,1,30.0,7.2292,Unknown,Cherbourg,No
3rd,No,Male,Mr,1,28.37922418258702,7.8958,Unknown,Southampton,No
3rd,No,Female,Miss,2,27.0,7.925,Unknown,Southampton,No
3rd,No,Female,Miss,2,25.0,7.925,Unknown,Southampton,No
3rd,No,Male,Mr,1,27.490640949586403,7.8958,Unknown,Southampton,No
3rd,Yes,Male,Mr,1,29.0,7.8958,Unknown,Cherbourg,Yes
3rd,Yes,Male,Mr,1,21.0,7.7958,Unknown,Southampton,Yes
3rd,No,Male,Mr,1,31.61417105794308,7.05,Unknown,Southampton,No
3rd,No,Male,Mr,1,48.0,7.8542,Unknown,Southampton,No
3rd,No,Male,Mr,2,17.0,7.0542,Unknown,Southampton,No
3rd,Yes,Female,Miss,1,35.303268798721,7.75,Unknown,Queenstown,Yes
3rd,Yes,Male,Mr,1,17.866318313673126,8.1125,Unknown,Southampton,Yes
3rd,No,Male,Mr,1,34.0,6.4958,Unknown,Southampton,No
3rd,Yes,Male,Mr,1,26.0,7.775,Unknown,Southampton,Yes
3rd,No,Male,Mr,1,33.0,8.6542,Unknown,Southampton,No
3rd,No,Male,Mr,1,31.0,7.775,Unknown,Southampton,No
3rd,No,Male,Mr,1,29.0,7.8542,Unknown,Southampton,No
3rd,Yes,Male,Master,3,4.0,11.1333,Unknown,Southampton,Yes
3rd,Yes,Female,Miss,3,1.0,11.1333,Unknown,Southampton,Yes
3rd,No,Male,Mr,1,49.0,0.0,Unknown,Southampton,No
3rd,No,Male,Mr,1,33.0,7.775,Unknown,Southampton,No
3rd,No,Male,Mr,1,19.0,0.0,Unknown,Southampton,No
3rd,Yes,Female,Mrs,3,27.0,11.1333,Unknown,Southampton,Yes
3rd,No,Male,Master,4,11.056824055461773,23.45,Unknown,Southampton,No
3rd,No,Female,Miss,4,31.13946117105052,23.45,Unknown,Southampton,No
3rd,No,Male,Mr,4,39.18083658716831,23.45,Unknown,Southampton,No
3rd,No,Female,Mrs,4,28.85171325055154,23.45,Unknown,Southampton,No
3rd,No,Male,Mr,1,23.0,7.8958,Unknown,Southampton,No
3rd,Yes,Male,Mr,1,32.0,7.8542,Unknown,Southampton,Yes
3rd,No,Male,Mr,1,27.0,7.8542,Unknown,Southampton,No
3rd,No,Female,Miss,2,20.0,9.825,Unknown,Southampton,No
3rd,No,Female,Miss,2,21.0,9.825,Unknown,Southampton,No
3rd,Yes,Male,Mr,1,32.0,7.925,Unknown,Southampton,Yes
3rd,No,Male,Mr,1,17.0,7.125,Unknown,Southampton,No
3rd,No,Male,Mr,1,21.0,8.4333,Unknown,Southampton,No
3rd,No,Male,Mr,1,30.0,7.8958,Unknown,Southampton,No
3rd,No,Male,Mr,1,33.0,7.8542,Unknown,Southampton,No
3rd,No,Male,Mr,1,22.0,7.5208,Unknown,Southampton,No
3rd,Yes,Female,Miss,2,4.0,13.4167,Unknown,Cherbourg,Yes
3rd,Yes,Male,Mr,2,39.0,13.4167,Unknown,Cherbourg,Yes
3rd,No,Male,Mr,1,31.172735871721432,7.2292,Unknown,Cherbourg,No
3rd,No,Male,Mr,1,18.5,7.2292,Unknown,Cherbourg,No
3rd,No,Male,Mr,1,36.5428271847385,7.75,Unknown,Queenstown,No
3rd,No,Male,Mr,1,19.380837836335807,7.25,Unknown,Southampton,Yes
3rd,Yes,Female,Miss,1,2.114854998126198,7.75,Unknown,Queenstown,Yes
3rd,Yes,Female,Miss,1,0.1667,7.75,Unknown,Queenstown,Yes
3rd,No,Male,Mr,1,34.5,7.8292,Unknown,Queenstown,No
3rd,No,Male,Mr,1,44.0,8.05,Unknown,Southampton,No
3rd,Yes,Male,Mr,1,51.36275381774632,7.75,Unknown,Queenstown,No
3rd,No,Male,Mr,2,35.56962413820518,14.4542,Unknown,Cherbourg,No
3rd,No,Female,Mrs,2,8.314464902357443,14.4542,Unknown,Cherbourg,No
3rd,No,Male,Mr,2,2.561595687903882,7.75,Unknown,Queenstown,No
3rd,No,Male,Mr,2,17.04433968659174,7.75,Unknown,Queenstown,No
3rd,No,Male,Mr,1,16.46302794577494,7.7375,Unknown,Queenstown,No
3rd,No,Female,Miss,3,22.0,8.6625,Unknown,Southampton,No
3rd,No,Male,Mr,3,26.0,8.6625,Unknown,Southampton,No
3rd,Yes,Female,Miss,3,4.0,22.025,Unknown,Southampton,Yes
3rd,Yes,Male,Mr,5,29.0,22.025,Unknown,Southampton,Yes
3rd,Yes,Female,Mrs,3,26.0,22.025,Unknown,Southampton,Yes
3rd,No,Female,Miss,3,1.0,12.1833,Unknown,Southampton,No
3rd,No,Male,Mr,3,18.0,7.8542,Unknown,Southampton,No
3rd,No,Female,Mrs,3,36.0,12.1833,Unknown,Southampton,No
3rd,No,Male,Mr,1,23.00741324306203,7.8958,Unknown,Cherbourg,No
3rd,Yes,Male,Mr,1,25.0,7.2292,Known,Cherbourg,Yes
3rd,No,Male,Mr,1,19.62175587342397,7.225,Unknown,Cherbourg,No
3rd,No,Female,Miss,1,37.0,9.5875,Unknown,Southampton,No
3rd,No,Male,Mr,1,5.627687999976075,7.8958,Unknown,Southampton,No
3rd,Yes,Male,Mr,1,13.490029791926933,56.4958,Unknown,Southampton,Yes
3rd,No,Male,Mr,1,18.95879929144059,56.4958,Unknown,Southampton,No
3rd,Yes,Female,Miss,1,22.0,7.25,Unknown,Southampton,Yes
3rd,No,Male,Mr,1,39.52000525253794,7.75,Unknown,Queenstown,No
3rd,Yes,Male,Mr,1,26.0,56.4958,Unknown,Southampton,Yes
3rd,No,Male,Mr,1,29.0,9.4833,Unknown,Southampton,No
3rd,No,Male,Mr,1,29.0,7.775,Unknown,Southampton,No
3rd,No,Male,Mr,1,22.0,7.775,Unknown,Southampton,No
3rd,Yes,Male,Mr,1,22.0,7.225,Unknown,Cherbourg,Yes
3rd,No,Male,Master,5,15.868622214590514,25.4667,Unknown,Southampton,No
3rd,No,Female,Miss,5,15.887207024379531,25.4667,Unknown,Southampton,No
3rd,No,Female,Miss,5,0.1667,25.4667,Unknown,Southampton,No
3rd,No,Female,Miss,5,37.59406071631092,25.4667,Unknown,Southampton,No
3rd,No,Female,Mrs,5,30.98448880406137,25.4667,Unknown,Southampton,No
3rd,No,Male,Mr,1,32.0,7.925,Unknown,Southampton,No
3rd,No,Male,Mr,1,34.5,6.4375,Unknown,Cherbourg,No
3rd,No,Female,Miss,2,16.737471401559187,15.5,Unknown,Queenstown,No
3rd,No,Male,Mr,2,26.823489933000776,15.5,Unknown,Queenstown,No
3rd,No,Male,Mr,1,36.0,0.0,Unknown,Southampton,No
3rd,No,Male,Mr,1,39.0,24.15,Unknown,Southampton,No
3rd,No,Male,Mr,1,24.0,9.5,Unknown,Southampton,No
3rd,No,Female,Miss,1,25.0,7.775,Unknown,Southampton,No
3rd,No,Female,Miss,1,45.0,7.75,Unknown,Southampton,No
3rd,No,Male,Mr,2,36.0,15.55,Unknown,Southampton,Yes
3rd,No,Female,Mrs,2,30.0,15.55,Unknown,Southampton,Yes
3rd,Yes,Male,Mr,2,20.0,7.925,Unknown,Southampton,Yes
3rd,No,Male,Mr,1,5.686302736903855,7.8792,Unknown,Queenstown,No
3rd,No,Male,Mr,1,28.0,56.4958,Unknown,Southampton,No
3rd,No,Male,Mr,1,16.459737361463706,7.55,Unknown,Southampton,No
3rd,No,Male,Mr,2,30.0,16.1,Unknown,Southampton,No
3rd,No,Female,Mrs,2,26.0,16.1,Unknown,Southampton,No
3rd,No,Male,Mr,1,36.22566595567012,7.8792,Unknown,Southampton,No
3rd,No,Male,Mr,1,20.5,7.25,Unknown,Southampton,No
3rd,Yes,Male,Mr,1,27.0,8.6625,Unknown,Southampton,Yes
3rd,No,Male,Mr,1,51.0,7.0542,Unknown,Southampton,No
3rd,Yes,Female,Miss,1,23.0,7.8542,Unknown,Southampton,Yes
3rd,Yes,Male,Mr,1,32.0,7.5792,Unknown,Southampton,Yes
3rd,No,Male,Mr,1,2.3150984981898226,7.8958,Unknown,Southampton,No
3rd,No,Male,Mr,1,24.616809132383644,7.55,Unknown,Southampton,No
3rd,Yes,Female,Miss,1,19.55135761449608,7.75,Unknown,Queenstown,Yes
3rd,Yes,Male,Mr,1,24.0,7.1417,Unknown,Southampton,Yes
3rd,No,Male,Mr,1,22.0,7.125,Unknown,Southampton,No
3rd,No,Female,Miss,1,31.3113237032498,7.8792,Unknown,Queenstown,No
3rd,No,Male,Mr,1,36.76584062597748,7.75,Unknown,Queenstown,No
3rd,No,Male,Mr,1,28.513642398333666,8.05,Unknown,Southampton,No
3rd,No,Male,Mr,1,29.0,7.925,Unknown,Southampton,No
3rd,Yes,Male,Mr,1,14.038312524112216,7.2292,Unknown,Cherbourg,Yes
3rd,No,Female,Miss,1,30.5,7.75,Unknown,Queenstown,No
3rd,Yes,Female,Miss,1,24.260239663182062,7.7375,Unknown,Queenstown,Yes
3rd,No,Male,Mr,1,27.669821193151638,7.2292,Known,Cherbourg,No
3rd,No,Male,Mr,1,35.0,7.8958,Unknown,Cherbourg,No
3rd,No,Male,Mr,1,33.0,7.8958,Unknown,Southampton,No
3rd,Yes,Female,Mrs,1,32.15917995480897,7.225,Unknown,Cherbourg,Yes
3rd,No,Male,Mr,1,30.99169401149757,7.8958,Unknown,Cherbourg,No
3rd,Yes,Female,Miss,1,19.15305989393531,7.75,Unknown,Queenstown,Yes
3rd,Yes,Male,Mr,1,27.4770735972148,7.75,Unknown,Queenstown,No
3rd,Yes,Female,Miss,3,0.1667,23.25,Unknown,Queenstown,Yes
3rd,Yes,Female,Miss,3,17.869017284397465,23.25,Unknown,Queenstown,Yes
3rd,Yes,Male,Mr,3,7.765931739571425,23.25,Unknown,Queenstown,Yes
3rd,Yes,Female,Miss,1,39.54559631556719,7.7875,Unknown,Queenstown,Yes
3rd,No,Male,Mr,1,28.160047498617768,15.5,Unknown,Queenstown,No
3rd,Yes,Female,Miss,1,28.390742424660708,7.8792,Unknown,Queenstown,Yes
3rd,Yes,Female,Miss,1,15.0,8.0292,Unknown,Queenstown,No
3rd,No,Female,Miss,1,35.0,7.75,Unknown,Queenstown,No
3rd,No,Male,Mr,1,21.419058843130717,7.75,Unknown,Queenstown,No
3rd,No,Male,Mr,2,24.0,16.1,Unknown,Southampton,No
3rd,No,Female,Mrs,2,19.0,16.1,Unknown,Southampton,No
3rd,No,Female,Miss,1,40.54172019788222,7.75,Unknown,Queenstown,No
3rd,No,Female,Miss,1,21.245689307459283,8.05,Unknown,Southampton,No
3rd,No,Female,Mrs,1,31.32981761307965,8.05,Unknown,Southampton,No
3rd,No,Male,Mr,1,55.5,8.05,Unknown,Southampton,No
3rd,No,Male,Mr,1,26.26026334030197,7.75,Unknown,Queenstown,No
3rd,Yes,Male,Mr,1,21.0,7.775,Unknown,Southampton,Yes
3rd,No,Male,Mr,1,22.96551267630217,8.05,Unknown,Southampton,No
3rd,No,Male,Mr,1,24.0,7.8958,Unknown,Southampton,No
3rd,No,Male,Mr,1,21.0,7.8958,Unknown,Southampton,No
3rd,No,Male,Mr,1,18.93784329669775,7.8958,Unknown,Southampton,No
3rd,Yes,Female,Miss,1,42.575877148287326,7.8792,Unknown,Queenstown,Yes
3rd,No,Male,Mr,1,25.0,7.65,Known,Southampton,No
3rd,Yes,Male,Master,2,6.0,12.475,Known,Southampton,Yes
3rd,Yes,Female,Mrs,2,27.0,12.475,Known,Southampton,Yes
3rd,No,Male,Mr,1,16.470646599722215,8.05,Unknown,Southampton,No
3rd,Yes,Female,Miss,2,37.61525878011805,24.15,Unknown,Queenstown,Yes
3rd,No,Male,Mr,2,21.57847239756589,24.15,Unknown,Queenstown,No
3rd,No,Male,Mr,1,27.421329026212984,8.4583,Unknown,Queenstown,No
3rd,No,Male,Mr,1,34.0,8.05,Unknown,Southampton,No
3rd,No,Male,Mr,1,7.112774685421535,7.75,Unknown,Queenstown,No
3rd,Yes,Male,Mr,1,32.47070371916376,7.775,Unknown,Southampton,Yes
3rd,Yes,Male,Master,3,38.16557579216047,15.2458,Unknown,Cherbourg,Yes
3rd,Yes,Male,Master,3,35.776188304356474,15.2458,Unknown,Cherbourg,Yes
3rd,Yes,Female,Mrs,3,20.580266380642808,15.2458,Unknown,Cherbourg,Yes
3rd,Yes,Female,Mrs,1,19.963756502423877,7.2292,Unknown,Cherbourg,No
3rd,No,Male,Mr,1,10.670984761403837,8.05,Unknown,Southampton,No
3rd,Yes,Female,Miss,1,29.96760739398482,7.7333,Unknown,Queenstown,Yes
3rd,Yes,Female,Miss,1,24.0,7.75,Unknown,Queenstown,Yes
3rd,No,Male,Mr,1,24.7071292389842,8.05,Unknown,Southampton,No
3rd,Yes,Female,Miss,2,13.9406958654395,15.5,Unknown,Queenstown,Yes
3rd,Yes,Female,Miss,2,26.457464314763456,15.5,Unknown,Queenstown,Yes
3rd,Yes,Female,Miss,1,17.815977645629125,15.5,Unknown,Queenstown,Yes
3rd,No,Male,Mr,1,22.0,7.8958,Unknown,Southampton,No
3rd,Yes,Female,Miss,1,15.0,7.225,Unknown,Cherbourg,Yes
3rd,Yes,Female,Miss,3,1.0,15.7417,Unknown,Cherbourg,Yes
3rd,Yes,Male,Mr,3,20.0,15.7417,Unknown,Cherbourg,Yes
3rd,Yes,Female,Mrs,3,19.0,15.7417,Unknown,Cherbourg,Yes
3rd,No,Male,Mr,1,33.0,8.05,Unknown,Southampton,No
3rd,No,Male,Mr,1,36.7778445538614,7.8958,Unknown,Southampton,No
3rd,No,Male,Mr,1,26.24379871047974,7.2292,Unknown,Cherbourg,No
3rd,No,Female,Miss,1,20.63512458160428,7.75,Unknown,Queenstown,No
3rd,No,Male,Mr,1,21.53360712697961,7.8958,Unknown,Southampton,No
3rd,Yes,Male,Master,2,12.0,11.2417,Unknown,Cherbourg,Yes
3rd,Yes,Female,Miss,2,14.0,11.2417,Unknown,Cherbourg,Yes
3rd,No,Female,Miss,1,29.0,7.925,Unknown,Southampton,No
3rd,No,Male,Mr,1,28.0,8.05,Unknown,Southampton,No
3rd,Yes,Female,Miss,1,18.0,7.775,Unknown,Southampton,Yes
3rd,Yes,Female,Miss,1,26.0,7.8542,Unknown,Southampton,Yes
3rd,No,Male,Mr,1,41.0,7.125,Unknown,Southampton,No
3rd,Yes,Male,Mr,1,39.0,7.925,Unknown,Southampton,Yes
3rd,No,Male,Mr,1,21.0,7.8,Unknown,Southampton,No
3rd,No,Male,Mr,1,28.5,7.2292,Unknown,Cherbourg,No
3rd,Yes,Female,Miss,1,22.0,7.75,Unknown,Southampton,Yes
3rd,No,Male,Mr,1,61.0,6.2375,Unknown,Southampton,No
3rd,No,Male,Mr,2,13.830309211052349,15.5,Unknown,Queenstown,No
3rd,No,Male,Mr,1,18.062865958933124,7.8292,Unknown,Queenstown,No
3rd,Yes,Female,Mrs,2,28.83683449869888,15.5,Unknown,Queenstown,No
3rd,No,Male,Mr,1,12.455607612579604,7.7333,Unknown,Queenstown,No
3rd,No,Male,Mr,1,16.482064454445315,7.75,Unknown,Queenstown,No
3rd,No,Male,Mr,1,0.1667,7.75,Unknown,Queenstown,No
3rd,No,Male,Mr,1,23.0,9.225,Unknown,Southampton,No
3rd,No,Female,Miss,1,22.74296618755277,7.75,Unknown,Queenstown,No
3rd,Yes,Female,Miss,1,21.26262593243292,7.75,Unknown,Queenstown,Yes
3rd,Yes,Female,Miss,1,17.87273094218694,7.8792,Unknown,Queenstown,No
3rd,Yes,Female,Miss,1,22.0,7.775,Unknown,Southampton,Yes
3rd,Yes,Male,Mr,1,23.47863870028804,7.75,Unknown,Queenstown,Yes
3rd,Yes,Female,Miss,1,0.6944010882295224,7.8292,Unknown,Queenstown,Yes
3rd,Yes,Male,Master,2,9.0,3.1708,Unknown,Southampton,Yes
3rd,No,Male,Mr,2,42.0,8.4042,Unknown,Southampton,No
3rd,No,Male,Mr,1,24.649854802041645,7.3125,Unknown,Southampton,No
3rd,No,Female,Miss,1,31.0,7.8542,Unknown,Southampton,No
3rd,No,Male,Mr,1,28.0,7.8542,Unknown,Southampton,No
3rd,Yes,Male,Mr,1,32.0,7.775,Unknown,Southampton,Yes
3rd,No,Male,Mr,1,20.0,9.225,Unknown,Southampton,No
3rd,No,Female,Miss,1,23.0,8.6625,Unknown,Southampton,No
3rd,No,Female,Miss,1,20.0,8.6625,Unknown,Southampton,No
3rd,No,Male,Mr,1,20.0,8.6625,Unknown,Southampton,No
3rd,No,Male,Mr,1,16.0,9.2167,Unknown,Southampton,No
3rd,Yes,Female,Mrs,1,31.0,8.6833,Unknown,Southampton,No
3rd,No,Female,Miss,1,14.826373685662588,7.6292,Unknown,Queenstown,No
3rd,No,Male,Master,5,2.0,21.075,Unknown,Southampton,No
3rd,No,Male,Master,5,6.0,21.075,Unknown,Southampton,No
3rd,No,Female,Miss,5,3.0,21.075,Unknown,Southampton,No
3rd,No,Female,Miss,5,8.0,21.075,Unknown,Southampton,No
3rd,No,Female,Mrs,5,29.0,21.075,Unknown,Southampton,No
3rd,No,Male,Master,6,1.0,39.6875,Unknown,Southampton,No
3rd,No,Male,Master,6,7.0,39.6875,Unknown,Southampton,No
3rd,No,Male,Master,6,2.0,39.6875,Unknown,Southampton,No
3rd,No,Male,Mr,6,16.0,39.6875,Unknown,Southampton,No
3rd,No,Male,Mr,6,14.0,39.6875,Unknown,Southampton,No
3rd,No,Female,Mrs,6,41.0,39.6875,Unknown,Southampton,No
3rd,No,Male,Mr,1,21.0,8.6625,Unknown,Southampton,No
3rd,No,Male,Mr,1,19.0,14.5,Unknown,Southampton,No
3rd,No,Male,Mr,1,31.607592647763173,8.7125,Unknown,Cherbourg,No
3rd,No,Male,Mr,1,32.0,7.8958,Unknown,Southampton,No
3rd,No,Male,Master,3,0.75,13.775,Unknown,Southampton,No
3rd,No,Female,Miss,3,3.0,13.775,Unknown,Southampton,No
3rd,No,Female,Mrs,3,26.0,13.775,Unknown,Southampton,No
3rd,No,Male,Mr,1,24.541961074832496,7.0,Unknown,Southampton,No
3rd,No,Male,Mr,1,29.28847675058896,7.775,Unknown,Southampton,No
3rd,No,Male,Mr,1,0.1667,8.05,Unknown,Southampton,No
3rd,No,Male,Mr,1,21.0,7.925,Unknown,Southampton,No
3rd,No,Male,Mr,1,25.0,7.925,Unknown,Southampton,No
3rd,Yes,Male,Mr,2,25.0,7.775,Unknown,Southampton,Yes
3rd,Yes,Male,Master,3,30.61748150781903,22.3583,Unknown,Cherbourg,Yes
3rd,Yes,Female,Miss,3,10.822993662364077,22.3583,Known,Cherbourg,Yes
3rd,Yes,Female,Mrs,3,30.80923127326655,22.3583,Unknown,Cherbourg,Yes
3rd,No,Female,Miss,1,2.391225832784638,8.1375,Unknown,Queenstown,No
3rd,No,Female,Miss,1,28.0,7.8958,Unknown,Southampton,No
3rd,No,Male,Mr,1,27.996878835748326,7.8958,Unknown,Southampton,No
3rd,No,Male,Mr,2,25.0,7.775,Unknown,Southampton,No
3rd,No,Female,Miss,1,18.0,7.775,Unknown,Southampton,No
3rd,Yes,Male,Mr,1,32.0,8.05,Known,Southampton,Yes
3rd,No,Male,Mr,1,45.11800199116031,7.8958,Unknown,Southampton,No
3rd,No,Male,Mr,1,24.0,8.6625,Unknown,Southampton,No
3rd,No,Male,Mr,1,28.332001840981142,7.8958,Unknown,Southampton,No
3rd,No,Female,Mrs,1,25.182772316933523,8.1125,Unknown,Southampton,No
3rd,No,Male,Mr,1,34.12856347312314,7.2292,Unknown,Cherbourg,No
3rd,No,Male,Mr,1,36.29918359267642,7.25,Unknown,Southampton,No
3rd,No,Male,Mr,1,38.0,7.8958,Unknown,Southampton,No
3rd,No,Male,Master,6,10.0,29.125,Unknown,Queenstown,No
3rd,No,Male,Master,6,4.0,29.125,Unknown,Queenstown,No
3rd,No,Male,Master,6,7.0,29.125,Unknown,Queenstown,No
3rd,No,Male,Master,6,2.0,29.125,Unknown,Queenstown,No
3rd,No,Male,Master,6,8.0,29.125,Unknown,Queenstown,No
3rd,No,Female,Mrs,6,39.0,29.125,Unknown,Queenstown,No
3rd,No,Female,Miss,1,22.0,39.6875,Unknown,Southampton,No
3rd,No,Male,Mr,1,35.0,7.125,Unknown,Southampton,No
3rd,Yes,Female,Miss,1,29.03908042933093,7.7208,Unknown,Queenstown,Yes
3rd,No,Male,Mr,1,19.672173109204536,14.5,Unknown,Southampton,No
3rd,No,Female,Mrs,1,21.979862804625206,14.5,Unknown,Southampton,No
3rd,No,Male,Mr,2,50.0,14.5,Unknown,Southampton,No
3rd,No,Female,Mrs,2,47.0,14.5,Unknown,Southampton,No
3rd,No,Male,Mr,1,10.054423609235435,8.05,Unknown,Southampton,No
3rd,No,Male,Mr,1,25.863175470795998,7.775,Unknown,Southampton,No
3rd,No,Female,Miss,3,2.0,20.2125,Unknown,Southampton,No
3rd,No,Male,Mr,3,18.0,20.2125,Unknown,Southampton,No
3rd,No,Female,Mrs,3,41.0,20.2125,Unknown,Southampton,No
3rd,Yes,Female,Miss,1,8.39953248708666,8.05,Unknown,Southampton,Yes
3rd,No,Male,Mr,1,50.0,8.05,Unknown,Southampton,No
3rd,No,Male,Mr,1,16.0,8.05,Unknown,Southampton,No
3rd,Yes,Male,Mr,1,42.60745072670763,7.75,Unknown,Queenstown,Yes
3rd,No,Male,Mr,1,0.1667,24.15,Unknown,Queenstown,No
3rd,No,Male,Mr,1,16.442499505356523,7.2292,Unknown,Cherbourg,No
3rd,No,Male,Mr,1,25.0,7.225,Unknown,Cherbourg,No
3rd,No,Male,Mr,1,26.4277465477382,7.225,Unknown,Cherbourg,No
3rd,No,Male,Mr,1,33.498467050433774,7.7292,Unknown,Queenstown,No
3rd,No,Male,Mr,1,26.215365192879677,7.575,Unknown,Southampton,No
3rd,No,Male,Mr,1,38.5,7.25,Unknown,Southampton,No
3rd,No,Male,Master,11,17.088215134210635,69.55,Unknown,Southampton,No
3rd,No,Male,Master,11,14.5,69.55,Unknown,Southampton,No
3rd,No,Female,Miss,11,14.53311138515414,69.55,Unknown,Southampton,No
3rd,No,Female,Miss,11,34.85301013932769,69.55,Unknown,Southampton,No
3rd,No,Female,Miss,11,47.9430072947202,69.55,Unknown,Southampton,No
3rd,No,Female,Miss,11,38.48698135923914,69.55,Unknown,Southampton,No
3rd,No,Male,Mr,11,36.236567815668415,69.55,Unknown,Southampton,No
3rd,No,Male,Mr,11,26.611487529866505,69.55,Unknown,Southampton,No
3rd,No,Male,Mr,11,17.005711947569583,69.55,Unknown,Southampton,No
3rd,No,Male,Mr,11,20.181855910745934,69.55,Unknown,Southampton,No
3rd,No,Female,Mrs,11,28.654630976333607,69.55,Unknown,Southampton,No
3rd,No,Male,Mr,1,24.0,9.325,Unknown,Southampton,No
3rd,Yes,Female,Miss,1,21.0,7.65,Unknown,Southampton,Yes
3rd,No,Male,Mr,1,39.0,7.925,Unknown,Southampton,No
3rd,No,Male,Mr,3,37.120761602943375,21.6792,Unknown,Cherbourg,No
3rd,No,Male,Mr,3,28.25491254647693,21.6792,Unknown,Cherbourg,No
3rd,No,Male,Mr,3,34.53514207826074,21.6792,Unknown,Cherbourg,No
3rd,Yes,Female,Miss,3,1.0,16.7,Known,Southampton,Yes
3rd,Yes,Female,Mrs,3,24.0,16.7,Known,Southampton,Yes
3rd,Yes,Female,Miss,3,4.0,16.7,Known,Southampton,Yes
3rd,Yes,Male,Mr,1,25.0,9.5,Unknown,Southampton,Yes
3rd,No,Male,Mr,1,20.0,8.05,Unknown,Southampton,No
3rd,No,Male,Mr,1,24.5,8.05,Unknown,Southampton,No
3rd,No,Male,Mr,1,4.733179190900593,7.725,Unknown,Queenstown,No
3rd,No,Male,Mr,1,37.19433418942876,7.8958,Unknown,Southampton,No
3rd,No,Male,Mr,1,39.7234324154894,7.75,Unknown,Queenstown,No
3rd,Yes,Male,Mr,1,29.0,9.5,Unknown,Southampton,Yes
3rd,No,Male,Mr,1,26.186766721601742,15.1,Unknown,Southampton,No
3rd,Yes,Female,Miss,1,13.395135767109709,7.7792,Unknown,Queenstown,No
3rd,No,Male,Mr,1,20.91890325191704,8.05,Unknown,Southampton,No
3rd,No,Male,Mr,1,54.84859436054815,8.05,Unknown,Southampton,No
3rd,No,Male,Mr,1,22.0,7.2292,Unknown,Cherbourg,No
3rd,No,Male,Mr,1,30.607845779381098,8.05,Unknown,Southampton,No
3rd,No,Male,Mr,1,40.0,7.8958,Unknown,Southampton,No
3rd,Yes,Female,Miss,1,18.0,7.4958,Unknown,Southampton,Yes
3rd,No,Male,Master,6,4.0,27.9,Unknown,Southampton,No
3rd,No,Male,Master,6,10.0,27.9,Unknown,Southampton,No
3rd,No,Female,Miss,6,9.0,27.9,Unknown,Southampton,No
3rd,No,Female,Miss,6,2.0,27.9,Unknown,Southampton,No
3rd,No,Male,Mr,6,40.0,27.9,Unknown,Southampton,No
3rd,No,Female,Mrs,6,45.0,27.9,Unknown,Southampton,No
3rd,No,Male,Mr,1,12.647462241625885,7.8958,Unknown,Southampton,No
3rd,No,Male,Mr,1,4.574749162277797,8.05,Unknown,Southampton,No
3rd,No,Male,Mr,1,27.02163521168177,8.6625,Unknown,Southampton,No
3rd,No,Male,Mr,1,20.3491153431136,7.75,Unknown,Queenstown,No
3rd,Yes,Female,Miss,1,22.425382243765707,7.7333,Unknown,Queenstown,Yes
3rd,No,Male,Mr,1,19.0,7.65,Known,Southampton,No
3rd,No,Male,Mr,1,19.43534106023939,8.05,Unknown,Southampton,No
3rd,No,Male,Mr,1,32.0,8.05,Unknown,Southampton,No
3rd,No,Male,Mr,1,0.1667,7.8958,Unknown,Southampton,No
3rd,No,Male,Mr,1,33.0,8.6625,Unknown,Cherbourg,No
3rd,Yes,Female,Miss,1,23.0,7.55,Unknown,Southampton,Yes
3rd,No,Male,Mr,1,60.5,12.2675,Unknown,Southampton,No
3rd,No,Female,Miss,1,22.0,9.8375,Unknown,Southampton,No
3rd,Yes,Male,Mr,1,31.0,7.925,Unknown,Southampton,Yes
3rd,No,Male,Mr,1,27.0,8.6625,Unknown,Southampton,No
3rd,No,Female,Miss,2,2.0,10.4625,Known,Southampton,No
3rd,No,Female,Mrs,3,29.0,10.4625,Known,Southampton,No
3rd,Yes,Male,Mr,1,16.0,8.05,Unknown,Southampton,Yes
3rd,Yes,Male,Mr,1,44.0,7.925,Unknown,Southampton,Yes
3rd,No,Male,Mr,1,74.0,7.775,Unknown,Southampton,No
3rd,Yes,Male,Mr,1,14.0,9.225,Unknown,Southampton,Yes
3rd,No,Male,Mr,1,24.0,7.7958,Unknown,Southampton,No
3rd,Yes,Male,Mr,1,25.0,7.7958,Unknown,Southampton,Yes
3rd,Yes,Male,Master,2,0.4167,8.5167,Unknown,Cherbourg,Yes
3rd,No,Male,Mr,2,30.85525745415759,6.4375,Unknown,Cherbourg,No
3rd,No,Male,Mr,1,38.36725788388447,6.4375,Unknown,Cherbourg,No
3rd,No,Male,Mr,1,15.180768636992196,7.225,Unknown,Cherbourg,No
3rd,Yes,Female,Mrs,3,16.0,8.5167,Unknown,Cherbourg,Yes
3rd,No,Male,Mr,1,9.650508526891825,8.05,Unknown,Southampton,No
3rd,No,Male,Mr,2,33.30268369035295,16.1,Unknown,Southampton,No
3rd,Yes,Female,Mrs,2,34.239864428363184,16.1,Unknown,Southampton,Yes
3rd,No,Male,Mr,1,21.539356356052288,7.75,Known,Queenstown,No
3rd,No,Male,Mr,1,31.16497697578981,7.8958,Unknown,Southampton,No
3rd,No,Male,Mr,1,30.5,8.05,Unknown,Southampton,No
3rd,No,Male,Mr,1,23.650550811259563,7.2292,Unknown,Cherbourg,No
3rd,Yes,Male,Mr,1,25.0,0.0,Unknown,Southampton,Yes
3rd,No,Male,Mr,1,26.07190490244291,7.2292,Unknown,Cherbourg,No
3rd,Yes,Male,Master,3,7.0,15.2458,Unknown,Cherbourg,Yes
3rd,Yes,Female,Miss,3,9.0,15.2458,Unknown,Cherbourg,Yes
3rd,Yes,Female,Mrs,3,29.0,15.2458,Unknown,Cherbourg,Yes
3rd,No,Male,Mr,1,36.0,7.8958,Unknown,Southampton,No
3rd,Yes,Female,Miss,1,18.0,9.8417,Unknown,Southampton,Yes
3rd,Yes,Female,Mrs,1,63.0,9.5875,Unknown,Southampton,Yes
3rd,No,Male,Master,3,16.034278631348432,14.5,Unknown,Southampton,No
3rd,No,Male,Master,3,11.5,14.5,Unknown,Southampton,No
3rd,No,Male,Mr,3,40.5,14.5,Unknown,Southampton,No
3rd,No,Female,Miss,3,10.0,24.15,Unknown,Southampton,No
3rd,No,Male,Mr,3,36.0,24.15,Unknown,Southampton,No
3rd,No,Female,Mrs,3,30.0,24.15,Unknown,Southampton,No
3rd,No,Male,Mr,1,25.24724625255603,9.5,Unknown,Southampton,No
3rd,No,Male,Mr,1,33.0,9.5,Unknown,Southampton,No
3rd,No,Male,Mr,1,28.0,9.5,Unknown,Southampton,No
3rd,No,Male,Mr,1,47.0,9.0,Unknown,Southampton,No
3rd,No,Female,Miss,3,18.0,18.0,Unknown,Southampton,No
3rd,No,Male,Mr,4,31.0,18.0,Unknown,Southampton,No
3rd,No,Male,Mr,3,16.0,18.0,Unknown,Southampton,No
3rd,No,Female,Mrs,2,31.0,18.0,Unknown,Southampton,No
3rd,No,Female,Miss,1,14.0,7.8542,Unknown,Southampton,No
3rd,No,Male,Mr,1,22.0,9.0,Unknown,Southampton,No
3rd,No,Male,Mr,1,23.627796542694632,8.05,Unknown,Southampton,No
3rd,No,Male,Mr,1,0.1667,7.55,Unknown,Southampton,No
3rd,No,Male,Mr,1,15.691602450450956,8.05,Unknown,Southampton,No
3rd,No,Male,Mr,1,32.5,9.5,Unknown,Southampton,No
3rd,Yes,Female,Mrs,1,38.0,7.2292,Unknown,Cherbourg,Yes
3rd,No,Male,Mr,1,51.0,7.75,Unknown,Southampton,No
3rd,No,Male,Mr,2,18.0,6.4958,Unknown,Southampton,No
3rd,No,Male,Mr,2,21.0,6.4958,Unknown,Southampton,No
3rd,Yes,Female,Mrs,2,47.0,7.0,Unknown,Southampton,No
3rd,No,Male,Mr,1,15.966329058313242,8.7125,Unknown,Southampton,No
3rd,No,Male,Mr,1,20.406454929590588,7.55,Unknown,Southampton,No
3rd,No,Male,Mr,1,10.675757830004075,8.05,Unknown,Southampton,No
3rd,No,Male,Mr,1,28.5,16.1,Unknown,Southampton,No
3rd,No,Male,Mr,1,21.0,7.25,Unknown,Southampton,No
3rd,No,Male,Mr,1,30.5673468680288,7.25,Unknown,Southampton,No
3rd,No,Male,Mr,1,36.0,9.5,Unknown,Southampton,No
3rd,No,Male,Mr,2,27.0,14.4542,Unknown,Cherbourg,Yes
3rd,Yes,Female,Mrs,2,15.0,14.4542,Unknown,Cherbourg,No
3rd,No,Male,Mr,1,45.5,7.225,Unknown,Cherbourg,No
3rd,No,Male,Mr,1,24.77876905337493,7.225,Unknown,Cherbourg,No
3rd,No,Male,Mr,1,7.333739845576751,14.4583,Unknown,Cherbourg,No
3rd,No,Female,Miss,2,14.5,14.4542,Unknown,Cherbourg,No
3rd,No,Female,Miss,2,25.192333155010747,14.4542,Unknown,Cherbourg,No
3rd,No,Male,Mr,1,26.5,7.225,Unknown,Cherbourg,No
3rd,No,Male,Mr,1,27.0,7.225,Unknown,Cherbourg,No
3rd,No,Male,Mr,1,29.0,7.875,Unknown,Southampton,No
